"Issue","Category","Severity","Guidance","Component","Location","Line #","Module","Type","Member","Statement","Comments"
"web-avoid-eval","Security","Critical","https://developer.mozilla.org/docs/Web/JavaScript/Reference/Global_Objects/eval","WebResource","/ftdemo_CustomLeadSummary.LeadSummaryControl/bundle.js","20","","","","","Usage of the JavaScript eval function should be limited where possible.  The eval function can be a dangerous function as it allows strings to be executed as scripts within the context of the caller.  This can be exploited to run malicious code.  Eval is also usually slower than other options due to the lack of optimizations of the script text passed to eval. If this error is reported for a Power Apps component framework code component created using CLI tooling, package your control with 'msbuild /p:configuration=Release' or 'npm run build -- --buildMode production' to produce a release build that does not include 'eval' usage."
"web-avoid-eval","Security","Critical","https://developer.mozilla.org/docs/Web/JavaScript/Reference/Global_Objects/eval","WebResource","/ftdemo_CustomLeadSummary.LeadSummaryControl/bundle.js","30","","","","","Usage of the JavaScript eval function should be limited where possible.  The eval function can be a dangerous function as it allows strings to be executed as scripts within the context of the caller.  This can be exploited to run malicious code.  Eval is also usually slower than other options due to the lack of optimizations of the script text passed to eval. If this error is reported for a Power Apps component framework code component created using CLI tooling, package your control with 'msbuild /p:configuration=Release' or 'npm run build -- --buildMode production' to produce a release build that does not include 'eval' usage."
"web-avoid-eval","Security","Critical","https://developer.mozilla.org/docs/Web/JavaScript/Reference/Global_Objects/eval","WebResource","/ftdemo_CustomLeadSummary.LeadSummaryControl/bundle.js","40","","","","","Usage of the JavaScript eval function should be limited where possible.  The eval function can be a dangerous function as it allows strings to be executed as scripts within the context of the caller.  This can be exploited to run malicious code.  Eval is also usually slower than other options due to the lack of optimizations of the script text passed to eval. If this error is reported for a Power Apps component framework code component created using CLI tooling, package your control with 'msbuild /p:configuration=Release' or 'npm run build -- --buildMode production' to produce a release build that does not include 'eval' usage."
"web-avoid-eval","Security","Critical","https://developer.mozilla.org/docs/Web/JavaScript/Reference/Global_Objects/eval","WebResource","/ftdemo_CustomLeadSummary.LeadSummaryControl/bundle.js","50","","","","","Usage of the JavaScript eval function should be limited where possible.  The eval function can be a dangerous function as it allows strings to be executed as scripts within the context of the caller.  This can be exploited to run malicious code.  Eval is also usually slower than other options due to the lack of optimizations of the script text passed to eval. If this error is reported for a Power Apps component framework code component created using CLI tooling, package your control with 'msbuild /p:configuration=Release' or 'npm run build -- --buildMode production' to produce a release build that does not include 'eval' usage."
"web-avoid-eval","Security","Critical","https://developer.mozilla.org/docs/Web/JavaScript/Reference/Global_Objects/eval","WebResource","/ftdemo_CustomLeadSummary.LeadSummaryControl/bundle.js","60","","","","","Usage of the JavaScript eval function should be limited where possible.  The eval function can be a dangerous function as it allows strings to be executed as scripts within the context of the caller.  This can be exploited to run malicious code.  Eval is also usually slower than other options due to the lack of optimizations of the script text passed to eval. If this error is reported for a Power Apps component framework code component created using CLI tooling, package your control with 'msbuild /p:configuration=Release' or 'npm run build -- --buildMode production' to produce a release build that does not include 'eval' usage."
"web-avoid-eval","Security","Critical","https://developer.mozilla.org/docs/Web/JavaScript/Reference/Global_Objects/eval","WebResource","/ftdemo_CustomLeadSummary.LeadSummaryControl/bundle.js","70","","","","","Usage of the JavaScript eval function should be limited where possible.  The eval function can be a dangerous function as it allows strings to be executed as scripts within the context of the caller.  This can be exploited to run malicious code.  Eval is also usually slower than other options due to the lack of optimizations of the script text passed to eval. If this error is reported for a Power Apps component framework code component created using CLI tooling, package your control with 'msbuild /p:configuration=Release' or 'npm run build -- --buildMode production' to produce a release build that does not include 'eval' usage."
"web-avoid-eval","Security","Critical","https://developer.mozilla.org/docs/Web/JavaScript/Reference/Global_Objects/eval","WebResource","/ftdemo_CustomLeadSummary.LeadSummaryControl/bundle.js","80","","","","","Usage of the JavaScript eval function should be limited where possible.  The eval function can be a dangerous function as it allows strings to be executed as scripts within the context of the caller.  This can be exploited to run malicious code.  Eval is also usually slower than other options due to the lack of optimizations of the script text passed to eval. If this error is reported for a Power Apps component framework code component created using CLI tooling, package your control with 'msbuild /p:configuration=Release' or 'npm run build -- --buildMode production' to produce a release build that does not include 'eval' usage."
"web-avoid-eval","Security","Critical","https://developer.mozilla.org/docs/Web/JavaScript/Reference/Global_Objects/eval","WebResource","/ftdemo_CustomLeadSummary.LeadSummaryControl/bundle.js","90","","","","","Usage of the JavaScript eval function should be limited where possible.  The eval function can be a dangerous function as it allows strings to be executed as scripts within the context of the caller.  This can be exploited to run malicious code.  Eval is also usually slower than other options due to the lack of optimizations of the script text passed to eval. If this error is reported for a Power Apps component framework code component created using CLI tooling, package your control with 'msbuild /p:configuration=Release' or 'npm run build -- --buildMode production' to produce a release build that does not include 'eval' usage."
"web-avoid-eval","Security","Critical","https://developer.mozilla.org/docs/Web/JavaScript/Reference/Global_Objects/eval","WebResource","/ftdemo_CustomLeadSummary.LeadSummaryControl/bundle.js","100","","","","","Usage of the JavaScript eval function should be limited where possible.  The eval function can be a dangerous function as it allows strings to be executed as scripts within the context of the caller.  This can be exploited to run malicious code.  Eval is also usually slower than other options due to the lack of optimizations of the script text passed to eval. If this error is reported for a Power Apps component framework code component created using CLI tooling, package your control with 'msbuild /p:configuration=Release' or 'npm run build -- --buildMode production' to produce a release build that does not include 'eval' usage."
"web-avoid-eval","Security","Critical","https://developer.mozilla.org/docs/Web/JavaScript/Reference/Global_Objects/eval","WebResource","/ftdemo_CustomLeadSummary.LeadSummaryControl/bundle.js","110","","","","","Usage of the JavaScript eval function should be limited where possible.  The eval function can be a dangerous function as it allows strings to be executed as scripts within the context of the caller.  This can be exploited to run malicious code.  Eval is also usually slower than other options due to the lack of optimizations of the script text passed to eval. If this error is reported for a Power Apps component framework code component created using CLI tooling, package your control with 'msbuild /p:configuration=Release' or 'npm run build -- --buildMode production' to produce a release build that does not include 'eval' usage."
"web-avoid-eval","Security","Critical","https://developer.mozilla.org/docs/Web/JavaScript/Reference/Global_Objects/eval","WebResource","/ftdemo_CustomLeadSummary.LeadSummaryControl/bundle.js","120","","","","","Usage of the JavaScript eval function should be limited where possible.  The eval function can be a dangerous function as it allows strings to be executed as scripts within the context of the caller.  This can be exploited to run malicious code.  Eval is also usually slower than other options due to the lack of optimizations of the script text passed to eval. If this error is reported for a Power Apps component framework code component created using CLI tooling, package your control with 'msbuild /p:configuration=Release' or 'npm run build -- --buildMode production' to produce a release build that does not include 'eval' usage."
"web-avoid-eval","Security","Critical","https://developer.mozilla.org/docs/Web/JavaScript/Reference/Global_Objects/eval","WebResource","/ftdemo_CustomLeadSummary.LeadSummaryControl/bundle.js","130","","","","","Usage of the JavaScript eval function should be limited where possible.  The eval function can be a dangerous function as it allows strings to be executed as scripts within the context of the caller.  This can be exploited to run malicious code.  Eval is also usually slower than other options due to the lack of optimizations of the script text passed to eval. If this error is reported for a Power Apps component framework code component created using CLI tooling, package your control with 'msbuild /p:configuration=Release' or 'npm run build -- --buildMode production' to produce a release build that does not include 'eval' usage."
"web-avoid-eval","Security","Critical","https://developer.mozilla.org/docs/Web/JavaScript/Reference/Global_Objects/eval","WebResource","/ftdemo_CustomLeadSummary.LeadSummaryControl/bundle.js","140","","","","","Usage of the JavaScript eval function should be limited where possible.  The eval function can be a dangerous function as it allows strings to be executed as scripts within the context of the caller.  This can be exploited to run malicious code.  Eval is also usually slower than other options due to the lack of optimizations of the script text passed to eval. If this error is reported for a Power Apps component framework code component created using CLI tooling, package your control with 'msbuild /p:configuration=Release' or 'npm run build -- --buildMode production' to produce a release build that does not include 'eval' usage."
"web-avoid-eval","Security","Critical","https://developer.mozilla.org/docs/Web/JavaScript/Reference/Global_Objects/eval","WebResource","/ftdemo_CustomLeadSummary.LeadSummaryControl/bundle.js","150","","","","","Usage of the JavaScript eval function should be limited where possible.  The eval function can be a dangerous function as it allows strings to be executed as scripts within the context of the caller.  This can be exploited to run malicious code.  Eval is also usually slower than other options due to the lack of optimizations of the script text passed to eval. If this error is reported for a Power Apps component framework code component created using CLI tooling, package your control with 'msbuild /p:configuration=Release' or 'npm run build -- --buildMode production' to produce a release build that does not include 'eval' usage."
"web-avoid-eval","Security","Critical","https://developer.mozilla.org/docs/Web/JavaScript/Reference/Global_Objects/eval","WebResource","/ftdemo_CustomLeadSummary.LeadSummaryControl/bundle.js","160","","","","","Usage of the JavaScript eval function should be limited where possible.  The eval function can be a dangerous function as it allows strings to be executed as scripts within the context of the caller.  This can be exploited to run malicious code.  Eval is also usually slower than other options due to the lack of optimizations of the script text passed to eval. If this error is reported for a Power Apps component framework code component created using CLI tooling, package your control with 'msbuild /p:configuration=Release' or 'npm run build -- --buildMode production' to produce a release build that does not include 'eval' usage."
"web-avoid-eval","Security","Critical","https://developer.mozilla.org/docs/Web/JavaScript/Reference/Global_Objects/eval","WebResource","/ftdemo_CustomLeadSummary.LeadSummaryControl/bundle.js","170","","","","","Usage of the JavaScript eval function should be limited where possible.  The eval function can be a dangerous function as it allows strings to be executed as scripts within the context of the caller.  This can be exploited to run malicious code.  Eval is also usually slower than other options due to the lack of optimizations of the script text passed to eval. If this error is reported for a Power Apps component framework code component created using CLI tooling, package your control with 'msbuild /p:configuration=Release' or 'npm run build -- --buildMode production' to produce a release build that does not include 'eval' usage."
"web-avoid-eval","Security","Critical","https://developer.mozilla.org/docs/Web/JavaScript/Reference/Global_Objects/eval","WebResource","/ftdemo_CustomLeadSummary.LeadSummaryControl/bundle.js","180","","","","","Usage of the JavaScript eval function should be limited where possible.  The eval function can be a dangerous function as it allows strings to be executed as scripts within the context of the caller.  This can be exploited to run malicious code.  Eval is also usually slower than other options due to the lack of optimizations of the script text passed to eval. If this error is reported for a Power Apps component framework code component created using CLI tooling, package your control with 'msbuild /p:configuration=Release' or 'npm run build -- --buildMode production' to produce a release build that does not include 'eval' usage."
"web-avoid-eval","Security","Critical","https://developer.mozilla.org/docs/Web/JavaScript/Reference/Global_Objects/eval","WebResource","/ftdemo_CustomLeadSummary.LeadSummaryControl/bundle.js","190","","","","","Usage of the JavaScript eval function should be limited where possible.  The eval function can be a dangerous function as it allows strings to be executed as scripts within the context of the caller.  This can be exploited to run malicious code.  Eval is also usually slower than other options due to the lack of optimizations of the script text passed to eval. If this error is reported for a Power Apps component framework code component created using CLI tooling, package your control with 'msbuild /p:configuration=Release' or 'npm run build -- --buildMode production' to produce a release build that does not include 'eval' usage."
"web-avoid-eval","Security","Critical","https://developer.mozilla.org/docs/Web/JavaScript/Reference/Global_Objects/eval","WebResource","/ftdemo_CustomLeadSummary.LeadSummaryControl/bundle.js","200","","","","","Usage of the JavaScript eval function should be limited where possible.  The eval function can be a dangerous function as it allows strings to be executed as scripts within the context of the caller.  This can be exploited to run malicious code.  Eval is also usually slower than other options due to the lack of optimizations of the script text passed to eval. If this error is reported for a Power Apps component framework code component created using CLI tooling, package your control with 'msbuild /p:configuration=Release' or 'npm run build -- --buildMode production' to produce a release build that does not include 'eval' usage."
"web-avoid-eval","Security","Critical","https://developer.mozilla.org/docs/Web/JavaScript/Reference/Global_Objects/eval","WebResource","/ftdemo_CustomLeadSummary.LeadSummaryControl/bundle.js","210","","","","","Usage of the JavaScript eval function should be limited where possible.  The eval function can be a dangerous function as it allows strings to be executed as scripts within the context of the caller.  This can be exploited to run malicious code.  Eval is also usually slower than other options due to the lack of optimizations of the script text passed to eval. If this error is reported for a Power Apps component framework code component created using CLI tooling, package your control with 'msbuild /p:configuration=Release' or 'npm run build -- --buildMode production' to produce a release build that does not include 'eval' usage."
"web-avoid-eval","Security","Critical","https://developer.mozilla.org/docs/Web/JavaScript/Reference/Global_Objects/eval","WebResource","/ftdemo_CustomLeadSummary.LeadSummaryControl/bundle.js","220","","","","","Usage of the JavaScript eval function should be limited where possible.  The eval function can be a dangerous function as it allows strings to be executed as scripts within the context of the caller.  This can be exploited to run malicious code.  Eval is also usually slower than other options due to the lack of optimizations of the script text passed to eval. If this error is reported for a Power Apps component framework code component created using CLI tooling, package your control with 'msbuild /p:configuration=Release' or 'npm run build -- --buildMode production' to produce a release build that does not include 'eval' usage."
"web-avoid-eval","Security","Critical","https://developer.mozilla.org/docs/Web/JavaScript/Reference/Global_Objects/eval","WebResource","/ftdemo_CustomLeadSummary.LeadSummaryControl/bundle.js","230","","","","","Usage of the JavaScript eval function should be limited where possible.  The eval function can be a dangerous function as it allows strings to be executed as scripts within the context of the caller.  This can be exploited to run malicious code.  Eval is also usually slower than other options due to the lack of optimizations of the script text passed to eval. If this error is reported for a Power Apps component framework code component created using CLI tooling, package your control with 'msbuild /p:configuration=Release' or 'npm run build -- --buildMode production' to produce a release build that does not include 'eval' usage."
"web-avoid-eval","Security","Critical","https://developer.mozilla.org/docs/Web/JavaScript/Reference/Global_Objects/eval","WebResource","/ftdemo_CustomLeadSummary.LeadSummaryControl/bundle.js","240","","","","","Usage of the JavaScript eval function should be limited where possible.  The eval function can be a dangerous function as it allows strings to be executed as scripts within the context of the caller.  This can be exploited to run malicious code.  Eval is also usually slower than other options due to the lack of optimizations of the script text passed to eval. If this error is reported for a Power Apps component framework code component created using CLI tooling, package your control with 'msbuild /p:configuration=Release' or 'npm run build -- --buildMode production' to produce a release build that does not include 'eval' usage."
"web-avoid-eval","Security","Critical","https://developer.mozilla.org/docs/Web/JavaScript/Reference/Global_Objects/eval","WebResource","/ftdemo_CustomLeadSummary.LeadSummaryControl/bundle.js","250","","","","","Usage of the JavaScript eval function should be limited where possible.  The eval function can be a dangerous function as it allows strings to be executed as scripts within the context of the caller.  This can be exploited to run malicious code.  Eval is also usually slower than other options due to the lack of optimizations of the script text passed to eval. If this error is reported for a Power Apps component framework code component created using CLI tooling, package your control with 'msbuild /p:configuration=Release' or 'npm run build -- --buildMode production' to produce a release build that does not include 'eval' usage."
"web-avoid-eval","Security","Critical","https://developer.mozilla.org/docs/Web/JavaScript/Reference/Global_Objects/eval","WebResource","/ftdemo_CustomLeadSummary.LeadSummaryControl/bundle.js","260","","","","","Usage of the JavaScript eval function should be limited where possible.  The eval function can be a dangerous function as it allows strings to be executed as scripts within the context of the caller.  This can be exploited to run malicious code.  Eval is also usually slower than other options due to the lack of optimizations of the script text passed to eval. If this error is reported for a Power Apps component framework code component created using CLI tooling, package your control with 'msbuild /p:configuration=Release' or 'npm run build -- --buildMode production' to produce a release build that does not include 'eval' usage."
"web-avoid-eval","Security","Critical","https://developer.mozilla.org/docs/Web/JavaScript/Reference/Global_Objects/eval","WebResource","/ftdemo_CustomLeadSummary.LeadSummaryControl/bundle.js","270","","","","","Usage of the JavaScript eval function should be limited where possible.  The eval function can be a dangerous function as it allows strings to be executed as scripts within the context of the caller.  This can be exploited to run malicious code.  Eval is also usually slower than other options due to the lack of optimizations of the script text passed to eval. If this error is reported for a Power Apps component framework code component created using CLI tooling, package your control with 'msbuild /p:configuration=Release' or 'npm run build -- --buildMode production' to produce a release build that does not include 'eval' usage."
"web-avoid-eval","Security","Critical","https://developer.mozilla.org/docs/Web/JavaScript/Reference/Global_Objects/eval","WebResource","/ftdemo_CustomLeadSummary.LeadSummaryControl/bundle.js","280","","","","","Usage of the JavaScript eval function should be limited where possible.  The eval function can be a dangerous function as it allows strings to be executed as scripts within the context of the caller.  This can be exploited to run malicious code.  Eval is also usually slower than other options due to the lack of optimizations of the script text passed to eval. If this error is reported for a Power Apps component framework code component created using CLI tooling, package your control with 'msbuild /p:configuration=Release' or 'npm run build -- --buildMode production' to produce a release build that does not include 'eval' usage."
"web-avoid-eval","Security","Critical","https://developer.mozilla.org/docs/Web/JavaScript/Reference/Global_Objects/eval","WebResource","/ftdemo_CustomLeadSummary.LeadSummaryControl/bundle.js","290","","","","","Usage of the JavaScript eval function should be limited where possible.  The eval function can be a dangerous function as it allows strings to be executed as scripts within the context of the caller.  This can be exploited to run malicious code.  Eval is also usually slower than other options due to the lack of optimizations of the script text passed to eval. If this error is reported for a Power Apps component framework code component created using CLI tooling, package your control with 'msbuild /p:configuration=Release' or 'npm run build -- --buildMode production' to produce a release build that does not include 'eval' usage."
"web-avoid-eval","Security","Critical","https://developer.mozilla.org/docs/Web/JavaScript/Reference/Global_Objects/eval","WebResource","/ftdemo_CustomLeadSummary.LeadSummaryControl/bundle.js","300","","","","","Usage of the JavaScript eval function should be limited where possible.  The eval function can be a dangerous function as it allows strings to be executed as scripts within the context of the caller.  This can be exploited to run malicious code.  Eval is also usually slower than other options due to the lack of optimizations of the script text passed to eval. If this error is reported for a Power Apps component framework code component created using CLI tooling, package your control with 'msbuild /p:configuration=Release' or 'npm run build -- --buildMode production' to produce a release build that does not include 'eval' usage."
"web-avoid-eval","Security","Critical","https://developer.mozilla.org/docs/Web/JavaScript/Reference/Global_Objects/eval","WebResource","/ftdemo_CustomLeadSummary.LeadSummaryControl/bundle.js","310","","","","","Usage of the JavaScript eval function should be limited where possible.  The eval function can be a dangerous function as it allows strings to be executed as scripts within the context of the caller.  This can be exploited to run malicious code.  Eval is also usually slower than other options due to the lack of optimizations of the script text passed to eval. If this error is reported for a Power Apps component framework code component created using CLI tooling, package your control with 'msbuild /p:configuration=Release' or 'npm run build -- --buildMode production' to produce a release build that does not include 'eval' usage."
"web-avoid-eval","Security","Critical","https://developer.mozilla.org/docs/Web/JavaScript/Reference/Global_Objects/eval","WebResource","/ftdemo_CustomLeadSummary.LeadSummaryControl/bundle.js","320","","","","","Usage of the JavaScript eval function should be limited where possible.  The eval function can be a dangerous function as it allows strings to be executed as scripts within the context of the caller.  This can be exploited to run malicious code.  Eval is also usually slower than other options due to the lack of optimizations of the script text passed to eval. If this error is reported for a Power Apps component framework code component created using CLI tooling, package your control with 'msbuild /p:configuration=Release' or 'npm run build -- --buildMode production' to produce a release build that does not include 'eval' usage."
"web-avoid-eval","Security","Critical","https://developer.mozilla.org/docs/Web/JavaScript/Reference/Global_Objects/eval","WebResource","/ftdemo_CustomLeadSummary.LeadSummaryControl/bundle.js","330","","","","","Usage of the JavaScript eval function should be limited where possible.  The eval function can be a dangerous function as it allows strings to be executed as scripts within the context of the caller.  This can be exploited to run malicious code.  Eval is also usually slower than other options due to the lack of optimizations of the script text passed to eval. If this error is reported for a Power Apps component framework code component created using CLI tooling, package your control with 'msbuild /p:configuration=Release' or 'npm run build -- --buildMode production' to produce a release build that does not include 'eval' usage."
"web-avoid-eval","Security","Critical","https://developer.mozilla.org/docs/Web/JavaScript/Reference/Global_Objects/eval","WebResource","/ftdemo_CustomLeadSummary.LeadSummaryControl/bundle.js","340","","","","","Usage of the JavaScript eval function should be limited where possible.  The eval function can be a dangerous function as it allows strings to be executed as scripts within the context of the caller.  This can be exploited to run malicious code.  Eval is also usually slower than other options due to the lack of optimizations of the script text passed to eval. If this error is reported for a Power Apps component framework code component created using CLI tooling, package your control with 'msbuild /p:configuration=Release' or 'npm run build -- --buildMode production' to produce a release build that does not include 'eval' usage."
"web-avoid-eval","Security","Critical","https://developer.mozilla.org/docs/Web/JavaScript/Reference/Global_Objects/eval","WebResource","/ftdemo_CustomLeadSummary.LeadSummaryControl/bundle.js","350","","","","","Usage of the JavaScript eval function should be limited where possible.  The eval function can be a dangerous function as it allows strings to be executed as scripts within the context of the caller.  This can be exploited to run malicious code.  Eval is also usually slower than other options due to the lack of optimizations of the script text passed to eval. If this error is reported for a Power Apps component framework code component created using CLI tooling, package your control with 'msbuild /p:configuration=Release' or 'npm run build -- --buildMode production' to produce a release build that does not include 'eval' usage."
"web-avoid-eval","Security","Critical","https://developer.mozilla.org/docs/Web/JavaScript/Reference/Global_Objects/eval","WebResource","/ftdemo_CustomLeadSummary.LeadSummaryControl/bundle.js","360","","","","","Usage of the JavaScript eval function should be limited where possible.  The eval function can be a dangerous function as it allows strings to be executed as scripts within the context of the caller.  This can be exploited to run malicious code.  Eval is also usually slower than other options due to the lack of optimizations of the script text passed to eval. If this error is reported for a Power Apps component framework code component created using CLI tooling, package your control with 'msbuild /p:configuration=Release' or 'npm run build -- --buildMode production' to produce a release build that does not include 'eval' usage."
"web-avoid-eval","Security","Critical","https://developer.mozilla.org/docs/Web/JavaScript/Reference/Global_Objects/eval","WebResource","/ftdemo_CustomLeadSummary.LeadSummaryControl/bundle.js","370","","","","","Usage of the JavaScript eval function should be limited where possible.  The eval function can be a dangerous function as it allows strings to be executed as scripts within the context of the caller.  This can be exploited to run malicious code.  Eval is also usually slower than other options due to the lack of optimizations of the script text passed to eval. If this error is reported for a Power Apps component framework code component created using CLI tooling, package your control with 'msbuild /p:configuration=Release' or 'npm run build -- --buildMode production' to produce a release build that does not include 'eval' usage."
"web-avoid-eval","Security","Critical","https://developer.mozilla.org/docs/Web/JavaScript/Reference/Global_Objects/eval","WebResource","/ftdemo_CustomLeadSummary.LeadSummaryControl/bundle.js","380","","","","","Usage of the JavaScript eval function should be limited where possible.  The eval function can be a dangerous function as it allows strings to be executed as scripts within the context of the caller.  This can be exploited to run malicious code.  Eval is also usually slower than other options due to the lack of optimizations of the script text passed to eval. If this error is reported for a Power Apps component framework code component created using CLI tooling, package your control with 'msbuild /p:configuration=Release' or 'npm run build -- --buildMode production' to produce a release build that does not include 'eval' usage."
"web-avoid-eval","Security","Critical","https://developer.mozilla.org/docs/Web/JavaScript/Reference/Global_Objects/eval","WebResource","/ftdemo_CustomLeadSummary.LeadSummaryControl/bundle.js","390","","","","","Usage of the JavaScript eval function should be limited where possible.  The eval function can be a dangerous function as it allows strings to be executed as scripts within the context of the caller.  This can be exploited to run malicious code.  Eval is also usually slower than other options due to the lack of optimizations of the script text passed to eval. If this error is reported for a Power Apps component framework code component created using CLI tooling, package your control with 'msbuild /p:configuration=Release' or 'npm run build -- --buildMode production' to produce a release build that does not include 'eval' usage."
"web-avoid-eval","Security","Critical","https://developer.mozilla.org/docs/Web/JavaScript/Reference/Global_Objects/eval","WebResource","/ftdemo_CustomLeadSummary.LeadSummaryControl/bundle.js","400","","","","","Usage of the JavaScript eval function should be limited where possible.  The eval function can be a dangerous function as it allows strings to be executed as scripts within the context of the caller.  This can be exploited to run malicious code.  Eval is also usually slower than other options due to the lack of optimizations of the script text passed to eval. If this error is reported for a Power Apps component framework code component created using CLI tooling, package your control with 'msbuild /p:configuration=Release' or 'npm run build -- --buildMode production' to produce a release build that does not include 'eval' usage."
"web-avoid-eval","Security","Critical","https://developer.mozilla.org/docs/Web/JavaScript/Reference/Global_Objects/eval","WebResource","/ftdemo_CustomLeadSummary.LeadSummaryControl/bundle.js","410","","","","","Usage of the JavaScript eval function should be limited where possible.  The eval function can be a dangerous function as it allows strings to be executed as scripts within the context of the caller.  This can be exploited to run malicious code.  Eval is also usually slower than other options due to the lack of optimizations of the script text passed to eval. If this error is reported for a Power Apps component framework code component created using CLI tooling, package your control with 'msbuild /p:configuration=Release' or 'npm run build -- --buildMode production' to produce a release build that does not include 'eval' usage."
"web-avoid-eval","Security","Critical","https://developer.mozilla.org/docs/Web/JavaScript/Reference/Global_Objects/eval","WebResource","/ftdemo_CustomLeadSummary.LeadSummaryControl/bundle.js","420","","","","","Usage of the JavaScript eval function should be limited where possible.  The eval function can be a dangerous function as it allows strings to be executed as scripts within the context of the caller.  This can be exploited to run malicious code.  Eval is also usually slower than other options due to the lack of optimizations of the script text passed to eval. If this error is reported for a Power Apps component framework code component created using CLI tooling, package your control with 'msbuild /p:configuration=Release' or 'npm run build -- --buildMode production' to produce a release build that does not include 'eval' usage."
"web-avoid-eval","Security","Critical","https://developer.mozilla.org/docs/Web/JavaScript/Reference/Global_Objects/eval","WebResource","/ftdemo_CustomLeadSummary.LeadSummaryControl/bundle.js","430","","","","","Usage of the JavaScript eval function should be limited where possible.  The eval function can be a dangerous function as it allows strings to be executed as scripts within the context of the caller.  This can be exploited to run malicious code.  Eval is also usually slower than other options due to the lack of optimizations of the script text passed to eval. If this error is reported for a Power Apps component framework code component created using CLI tooling, package your control with 'msbuild /p:configuration=Release' or 'npm run build -- --buildMode production' to produce a release build that does not include 'eval' usage."
"web-avoid-eval","Security","Critical","https://developer.mozilla.org/docs/Web/JavaScript/Reference/Global_Objects/eval","WebResource","/ftdemo_CustomLeadSummary.LeadSummaryControl/bundle.js","440","","","","","Usage of the JavaScript eval function should be limited where possible.  The eval function can be a dangerous function as it allows strings to be executed as scripts within the context of the caller.  This can be exploited to run malicious code.  Eval is also usually slower than other options due to the lack of optimizations of the script text passed to eval. If this error is reported for a Power Apps component framework code component created using CLI tooling, package your control with 'msbuild /p:configuration=Release' or 'npm run build -- --buildMode production' to produce a release build that does not include 'eval' usage."
"web-avoid-eval","Security","Critical","https://developer.mozilla.org/docs/Web/JavaScript/Reference/Global_Objects/eval","WebResource","/ftdemo_CustomLeadSummary.LeadSummaryControl/bundle.js","450","","","","","Usage of the JavaScript eval function should be limited where possible.  The eval function can be a dangerous function as it allows strings to be executed as scripts within the context of the caller.  This can be exploited to run malicious code.  Eval is also usually slower than other options due to the lack of optimizations of the script text passed to eval. If this error is reported for a Power Apps component framework code component created using CLI tooling, package your control with 'msbuild /p:configuration=Release' or 'npm run build -- --buildMode production' to produce a release build that does not include 'eval' usage."
"web-avoid-eval","Security","Critical","https://developer.mozilla.org/docs/Web/JavaScript/Reference/Global_Objects/eval","WebResource","/ftdemo_CustomLeadSummary.LeadSummaryControl/bundle.js","460","","","","","Usage of the JavaScript eval function should be limited where possible.  The eval function can be a dangerous function as it allows strings to be executed as scripts within the context of the caller.  This can be exploited to run malicious code.  Eval is also usually slower than other options due to the lack of optimizations of the script text passed to eval. If this error is reported for a Power Apps component framework code component created using CLI tooling, package your control with 'msbuild /p:configuration=Release' or 'npm run build -- --buildMode production' to produce a release build that does not include 'eval' usage."
"web-avoid-eval","Security","Critical","https://developer.mozilla.org/docs/Web/JavaScript/Reference/Global_Objects/eval","WebResource","/ftdemo_CustomLeadSummary.LeadSummaryControl/bundle.js","470","","","","","Usage of the JavaScript eval function should be limited where possible.  The eval function can be a dangerous function as it allows strings to be executed as scripts within the context of the caller.  This can be exploited to run malicious code.  Eval is also usually slower than other options due to the lack of optimizations of the script text passed to eval. If this error is reported for a Power Apps component framework code component created using CLI tooling, package your control with 'msbuild /p:configuration=Release' or 'npm run build -- --buildMode production' to produce a release build that does not include 'eval' usage."
"web-avoid-eval","Security","Critical","https://developer.mozilla.org/docs/Web/JavaScript/Reference/Global_Objects/eval","WebResource","/ftdemo_CustomLeadSummary.LeadSummaryControl/bundle.js","480","","","","","Usage of the JavaScript eval function should be limited where possible.  The eval function can be a dangerous function as it allows strings to be executed as scripts within the context of the caller.  This can be exploited to run malicious code.  Eval is also usually slower than other options due to the lack of optimizations of the script text passed to eval. If this error is reported for a Power Apps component framework code component created using CLI tooling, package your control with 'msbuild /p:configuration=Release' or 'npm run build -- --buildMode production' to produce a release build that does not include 'eval' usage."
"web-avoid-eval","Security","Critical","https://developer.mozilla.org/docs/Web/JavaScript/Reference/Global_Objects/eval","WebResource","/ftdemo_CustomLeadSummary.LeadSummaryControl/bundle.js","490","","","","","Usage of the JavaScript eval function should be limited where possible.  The eval function can be a dangerous function as it allows strings to be executed as scripts within the context of the caller.  This can be exploited to run malicious code.  Eval is also usually slower than other options due to the lack of optimizations of the script text passed to eval. If this error is reported for a Power Apps component framework code component created using CLI tooling, package your control with 'msbuild /p:configuration=Release' or 'npm run build -- --buildMode production' to produce a release build that does not include 'eval' usage."
"web-avoid-eval","Security","Critical","https://developer.mozilla.org/docs/Web/JavaScript/Reference/Global_Objects/eval","WebResource","/ftdemo_CustomLeadSummary.LeadSummaryControl/bundle.js","500","","","","","Usage of the JavaScript eval function should be limited where possible.  The eval function can be a dangerous function as it allows strings to be executed as scripts within the context of the caller.  This can be exploited to run malicious code.  Eval is also usually slower than other options due to the lack of optimizations of the script text passed to eval. If this error is reported for a Power Apps component framework code component created using CLI tooling, package your control with 'msbuild /p:configuration=Release' or 'npm run build -- --buildMode production' to produce a release build that does not include 'eval' usage."
"web-avoid-eval","Security","Critical","https://developer.mozilla.org/docs/Web/JavaScript/Reference/Global_Objects/eval","WebResource","/ftdemo_CustomLeadSummary.LeadSummaryControl/bundle.js","510","","","","","Usage of the JavaScript eval function should be limited where possible.  The eval function can be a dangerous function as it allows strings to be executed as scripts within the context of the caller.  This can be exploited to run malicious code.  Eval is also usually slower than other options due to the lack of optimizations of the script text passed to eval. If this error is reported for a Power Apps component framework code component created using CLI tooling, package your control with 'msbuild /p:configuration=Release' or 'npm run build -- --buildMode production' to produce a release build that does not include 'eval' usage."
"web-avoid-eval","Security","Critical","https://developer.mozilla.org/docs/Web/JavaScript/Reference/Global_Objects/eval","WebResource","/ftdemo_CustomLeadSummary.LeadSummaryControl/bundle.js","520","","","","","Usage of the JavaScript eval function should be limited where possible.  The eval function can be a dangerous function as it allows strings to be executed as scripts within the context of the caller.  This can be exploited to run malicious code.  Eval is also usually slower than other options due to the lack of optimizations of the script text passed to eval. If this error is reported for a Power Apps component framework code component created using CLI tooling, package your control with 'msbuild /p:configuration=Release' or 'npm run build -- --buildMode production' to produce a release build that does not include 'eval' usage."
"web-avoid-eval","Security","Critical","https://developer.mozilla.org/docs/Web/JavaScript/Reference/Global_Objects/eval","WebResource","/ftdemo_CustomLeadSummary.LeadSummaryControl/bundle.js","530","","","","","Usage of the JavaScript eval function should be limited where possible.  The eval function can be a dangerous function as it allows strings to be executed as scripts within the context of the caller.  This can be exploited to run malicious code.  Eval is also usually slower than other options due to the lack of optimizations of the script text passed to eval. If this error is reported for a Power Apps component framework code component created using CLI tooling, package your control with 'msbuild /p:configuration=Release' or 'npm run build -- --buildMode production' to produce a release build that does not include 'eval' usage."
"web-avoid-eval","Security","Critical","https://developer.mozilla.org/docs/Web/JavaScript/Reference/Global_Objects/eval","WebResource","/ftdemo_CustomLeadSummary.LeadSummaryControl/bundle.js","540","","","","","Usage of the JavaScript eval function should be limited where possible.  The eval function can be a dangerous function as it allows strings to be executed as scripts within the context of the caller.  This can be exploited to run malicious code.  Eval is also usually slower than other options due to the lack of optimizations of the script text passed to eval. If this error is reported for a Power Apps component framework code component created using CLI tooling, package your control with 'msbuild /p:configuration=Release' or 'npm run build -- --buildMode production' to produce a release build that does not include 'eval' usage."
"web-avoid-eval","Security","Critical","https://developer.mozilla.org/docs/Web/JavaScript/Reference/Global_Objects/eval","WebResource","/ftdemo_CustomLeadSummary.LeadSummaryControl/bundle.js","550","","","","","Usage of the JavaScript eval function should be limited where possible.  The eval function can be a dangerous function as it allows strings to be executed as scripts within the context of the caller.  This can be exploited to run malicious code.  Eval is also usually slower than other options due to the lack of optimizations of the script text passed to eval. If this error is reported for a Power Apps component framework code component created using CLI tooling, package your control with 'msbuild /p:configuration=Release' or 'npm run build -- --buildMode production' to produce a release build that does not include 'eval' usage."
"web-avoid-eval","Security","Critical","https://developer.mozilla.org/docs/Web/JavaScript/Reference/Global_Objects/eval","WebResource","/ftdemo_CustomLeadSummary.LeadSummaryControl/bundle.js","560","","","","","Usage of the JavaScript eval function should be limited where possible.  The eval function can be a dangerous function as it allows strings to be executed as scripts within the context of the caller.  This can be exploited to run malicious code.  Eval is also usually slower than other options due to the lack of optimizations of the script text passed to eval. If this error is reported for a Power Apps component framework code component created using CLI tooling, package your control with 'msbuild /p:configuration=Release' or 'npm run build -- --buildMode production' to produce a release build that does not include 'eval' usage."
"web-avoid-eval","Security","Critical","https://developer.mozilla.org/docs/Web/JavaScript/Reference/Global_Objects/eval","WebResource","/ftdemo_CustomLeadSummary.LeadSummaryControl/bundle.js","570","","","","","Usage of the JavaScript eval function should be limited where possible.  The eval function can be a dangerous function as it allows strings to be executed as scripts within the context of the caller.  This can be exploited to run malicious code.  Eval is also usually slower than other options due to the lack of optimizations of the script text passed to eval. If this error is reported for a Power Apps component framework code component created using CLI tooling, package your control with 'msbuild /p:configuration=Release' or 'npm run build -- --buildMode production' to produce a release build that does not include 'eval' usage."
"web-avoid-eval","Security","Critical","https://developer.mozilla.org/docs/Web/JavaScript/Reference/Global_Objects/eval","WebResource","/ftdemo_CustomLeadSummary.LeadSummaryControl/bundle.js","580","","","","","Usage of the JavaScript eval function should be limited where possible.  The eval function can be a dangerous function as it allows strings to be executed as scripts within the context of the caller.  This can be exploited to run malicious code.  Eval is also usually slower than other options due to the lack of optimizations of the script text passed to eval. If this error is reported for a Power Apps component framework code component created using CLI tooling, package your control with 'msbuild /p:configuration=Release' or 'npm run build -- --buildMode production' to produce a release build that does not include 'eval' usage."
"web-avoid-eval","Security","Critical","https://developer.mozilla.org/docs/Web/JavaScript/Reference/Global_Objects/eval","WebResource","/ftdemo_CustomLeadSummary.LeadSummaryControl/bundle.js","590","","","","","Usage of the JavaScript eval function should be limited where possible.  The eval function can be a dangerous function as it allows strings to be executed as scripts within the context of the caller.  This can be exploited to run malicious code.  Eval is also usually slower than other options due to the lack of optimizations of the script text passed to eval. If this error is reported for a Power Apps component framework code component created using CLI tooling, package your control with 'msbuild /p:configuration=Release' or 'npm run build -- --buildMode production' to produce a release build that does not include 'eval' usage."
"web-avoid-eval","Security","Critical","https://developer.mozilla.org/docs/Web/JavaScript/Reference/Global_Objects/eval","WebResource","/ftdemo_CustomLeadSummary.LeadSummaryControl/bundle.js","600","","","","","Usage of the JavaScript eval function should be limited where possible.  The eval function can be a dangerous function as it allows strings to be executed as scripts within the context of the caller.  This can be exploited to run malicious code.  Eval is also usually slower than other options due to the lack of optimizations of the script text passed to eval. If this error is reported for a Power Apps component framework code component created using CLI tooling, package your control with 'msbuild /p:configuration=Release' or 'npm run build -- --buildMode production' to produce a release build that does not include 'eval' usage."
"web-avoid-eval","Security","Critical","https://developer.mozilla.org/docs/Web/JavaScript/Reference/Global_Objects/eval","WebResource","/ftdemo_CustomLeadSummary.LeadSummaryControl/bundle.js","610","","","","","Usage of the JavaScript eval function should be limited where possible.  The eval function can be a dangerous function as it allows strings to be executed as scripts within the context of the caller.  This can be exploited to run malicious code.  Eval is also usually slower than other options due to the lack of optimizations of the script text passed to eval. If this error is reported for a Power Apps component framework code component created using CLI tooling, package your control with 'msbuild /p:configuration=Release' or 'npm run build -- --buildMode production' to produce a release build that does not include 'eval' usage."
"web-avoid-eval","Security","Critical","https://developer.mozilla.org/docs/Web/JavaScript/Reference/Global_Objects/eval","WebResource","/ftdemo_CustomLeadSummary.LeadSummaryControl/bundle.js","620","","","","","Usage of the JavaScript eval function should be limited where possible.  The eval function can be a dangerous function as it allows strings to be executed as scripts within the context of the caller.  This can be exploited to run malicious code.  Eval is also usually slower than other options due to the lack of optimizations of the script text passed to eval. If this error is reported for a Power Apps component framework code component created using CLI tooling, package your control with 'msbuild /p:configuration=Release' or 'npm run build -- --buildMode production' to produce a release build that does not include 'eval' usage."
"web-avoid-eval","Security","Critical","https://developer.mozilla.org/docs/Web/JavaScript/Reference/Global_Objects/eval","WebResource","/ftdemo_CustomLeadSummary.LeadSummaryControl/bundle.js","630","","","","","Usage of the JavaScript eval function should be limited where possible.  The eval function can be a dangerous function as it allows strings to be executed as scripts within the context of the caller.  This can be exploited to run malicious code.  Eval is also usually slower than other options due to the lack of optimizations of the script text passed to eval. If this error is reported for a Power Apps component framework code component created using CLI tooling, package your control with 'msbuild /p:configuration=Release' or 'npm run build -- --buildMode production' to produce a release build that does not include 'eval' usage."
"web-avoid-eval","Security","Critical","https://developer.mozilla.org/docs/Web/JavaScript/Reference/Global_Objects/eval","WebResource","/ftdemo_CustomLeadSummary.LeadSummaryControl/bundle.js","640","","","","","Usage of the JavaScript eval function should be limited where possible.  The eval function can be a dangerous function as it allows strings to be executed as scripts within the context of the caller.  This can be exploited to run malicious code.  Eval is also usually slower than other options due to the lack of optimizations of the script text passed to eval. If this error is reported for a Power Apps component framework code component created using CLI tooling, package your control with 'msbuild /p:configuration=Release' or 'npm run build -- --buildMode production' to produce a release build that does not include 'eval' usage."
"web-avoid-eval","Security","Critical","https://developer.mozilla.org/docs/Web/JavaScript/Reference/Global_Objects/eval","WebResource","/ftdemo_CustomLeadSummary.LeadSummaryControl/bundle.js","650","","","","","Usage of the JavaScript eval function should be limited where possible.  The eval function can be a dangerous function as it allows strings to be executed as scripts within the context of the caller.  This can be exploited to run malicious code.  Eval is also usually slower than other options due to the lack of optimizations of the script text passed to eval. If this error is reported for a Power Apps component framework code component created using CLI tooling, package your control with 'msbuild /p:configuration=Release' or 'npm run build -- --buildMode production' to produce a release build that does not include 'eval' usage."
"web-avoid-eval","Security","Critical","https://developer.mozilla.org/docs/Web/JavaScript/Reference/Global_Objects/eval","WebResource","/ftdemo_CustomLeadSummary.LeadSummaryControl/bundle.js","660","","","","","Usage of the JavaScript eval function should be limited where possible.  The eval function can be a dangerous function as it allows strings to be executed as scripts within the context of the caller.  This can be exploited to run malicious code.  Eval is also usually slower than other options due to the lack of optimizations of the script text passed to eval. If this error is reported for a Power Apps component framework code component created using CLI tooling, package your control with 'msbuild /p:configuration=Release' or 'npm run build -- --buildMode production' to produce a release build that does not include 'eval' usage."
"web-avoid-eval","Security","Critical","https://developer.mozilla.org/docs/Web/JavaScript/Reference/Global_Objects/eval","WebResource","/ftdemo_CustomLeadSummary.LeadSummaryControl/bundle.js","670","","","","","Usage of the JavaScript eval function should be limited where possible.  The eval function can be a dangerous function as it allows strings to be executed as scripts within the context of the caller.  This can be exploited to run malicious code.  Eval is also usually slower than other options due to the lack of optimizations of the script text passed to eval. If this error is reported for a Power Apps component framework code component created using CLI tooling, package your control with 'msbuild /p:configuration=Release' or 'npm run build -- --buildMode production' to produce a release build that does not include 'eval' usage."
"web-avoid-eval","Security","Critical","https://developer.mozilla.org/docs/Web/JavaScript/Reference/Global_Objects/eval","WebResource","/ftdemo_CustomLeadSummary.LeadSummaryControl/bundle.js","680","","","","","Usage of the JavaScript eval function should be limited where possible.  The eval function can be a dangerous function as it allows strings to be executed as scripts within the context of the caller.  This can be exploited to run malicious code.  Eval is also usually slower than other options due to the lack of optimizations of the script text passed to eval. If this error is reported for a Power Apps component framework code component created using CLI tooling, package your control with 'msbuild /p:configuration=Release' or 'npm run build -- --buildMode production' to produce a release build that does not include 'eval' usage."
"web-avoid-eval","Security","Critical","https://developer.mozilla.org/docs/Web/JavaScript/Reference/Global_Objects/eval","WebResource","/ftdemo_CustomLeadSummary.LeadSummaryControl/bundle.js","690","","","","","Usage of the JavaScript eval function should be limited where possible.  The eval function can be a dangerous function as it allows strings to be executed as scripts within the context of the caller.  This can be exploited to run malicious code.  Eval is also usually slower than other options due to the lack of optimizations of the script text passed to eval. If this error is reported for a Power Apps component framework code component created using CLI tooling, package your control with 'msbuild /p:configuration=Release' or 'npm run build -- --buildMode production' to produce a release build that does not include 'eval' usage."
"web-avoid-eval","Security","Critical","https://developer.mozilla.org/docs/Web/JavaScript/Reference/Global_Objects/eval","WebResource","/ftdemo_CustomLeadSummary.LeadSummaryControl/bundle.js","700","","","","","Usage of the JavaScript eval function should be limited where possible.  The eval function can be a dangerous function as it allows strings to be executed as scripts within the context of the caller.  This can be exploited to run malicious code.  Eval is also usually slower than other options due to the lack of optimizations of the script text passed to eval. If this error is reported for a Power Apps component framework code component created using CLI tooling, package your control with 'msbuild /p:configuration=Release' or 'npm run build -- --buildMode production' to produce a release build that does not include 'eval' usage."
"web-avoid-eval","Security","Critical","https://developer.mozilla.org/docs/Web/JavaScript/Reference/Global_Objects/eval","WebResource","/ftdemo_CustomLeadSummary.LeadSummaryControl/bundle.js","710","","","","","Usage of the JavaScript eval function should be limited where possible.  The eval function can be a dangerous function as it allows strings to be executed as scripts within the context of the caller.  This can be exploited to run malicious code.  Eval is also usually slower than other options due to the lack of optimizations of the script text passed to eval. If this error is reported for a Power Apps component framework code component created using CLI tooling, package your control with 'msbuild /p:configuration=Release' or 'npm run build -- --buildMode production' to produce a release build that does not include 'eval' usage."
"web-avoid-eval","Security","Critical","https://developer.mozilla.org/docs/Web/JavaScript/Reference/Global_Objects/eval","WebResource","/ftdemo_CustomLeadSummary.LeadSummaryControl/bundle.js","720","","","","","Usage of the JavaScript eval function should be limited where possible.  The eval function can be a dangerous function as it allows strings to be executed as scripts within the context of the caller.  This can be exploited to run malicious code.  Eval is also usually slower than other options due to the lack of optimizations of the script text passed to eval. If this error is reported for a Power Apps component framework code component created using CLI tooling, package your control with 'msbuild /p:configuration=Release' or 'npm run build -- --buildMode production' to produce a release build that does not include 'eval' usage."
"web-avoid-eval","Security","Critical","https://developer.mozilla.org/docs/Web/JavaScript/Reference/Global_Objects/eval","WebResource","/ftdemo_CustomLeadSummary.LeadSummaryControl/bundle.js","730","","","","","Usage of the JavaScript eval function should be limited where possible.  The eval function can be a dangerous function as it allows strings to be executed as scripts within the context of the caller.  This can be exploited to run malicious code.  Eval is also usually slower than other options due to the lack of optimizations of the script text passed to eval. If this error is reported for a Power Apps component framework code component created using CLI tooling, package your control with 'msbuild /p:configuration=Release' or 'npm run build -- --buildMode production' to produce a release build that does not include 'eval' usage."
"web-avoid-eval","Security","Critical","https://developer.mozilla.org/docs/Web/JavaScript/Reference/Global_Objects/eval","WebResource","/ftdemo_CustomLeadSummary.LeadSummaryControl/bundle.js","740","","","","","Usage of the JavaScript eval function should be limited where possible.  The eval function can be a dangerous function as it allows strings to be executed as scripts within the context of the caller.  This can be exploited to run malicious code.  Eval is also usually slower than other options due to the lack of optimizations of the script text passed to eval. If this error is reported for a Power Apps component framework code component created using CLI tooling, package your control with 'msbuild /p:configuration=Release' or 'npm run build -- --buildMode production' to produce a release build that does not include 'eval' usage."
"web-avoid-eval","Security","Critical","https://developer.mozilla.org/docs/Web/JavaScript/Reference/Global_Objects/eval","WebResource","/ftdemo_CustomLeadSummary.LeadSummaryControl/bundle.js","750","","","","","Usage of the JavaScript eval function should be limited where possible.  The eval function can be a dangerous function as it allows strings to be executed as scripts within the context of the caller.  This can be exploited to run malicious code.  Eval is also usually slower than other options due to the lack of optimizations of the script text passed to eval. If this error is reported for a Power Apps component framework code component created using CLI tooling, package your control with 'msbuild /p:configuration=Release' or 'npm run build -- --buildMode production' to produce a release build that does not include 'eval' usage."
"web-avoid-eval","Security","Critical","https://developer.mozilla.org/docs/Web/JavaScript/Reference/Global_Objects/eval","WebResource","/ftdemo_CustomLeadSummary.LeadSummaryControl/bundle.js","760","","","","","Usage of the JavaScript eval function should be limited where possible.  The eval function can be a dangerous function as it allows strings to be executed as scripts within the context of the caller.  This can be exploited to run malicious code.  Eval is also usually slower than other options due to the lack of optimizations of the script text passed to eval. If this error is reported for a Power Apps component framework code component created using CLI tooling, package your control with 'msbuild /p:configuration=Release' or 'npm run build -- --buildMode production' to produce a release build that does not include 'eval' usage."
"web-avoid-eval","Security","Critical","https://developer.mozilla.org/docs/Web/JavaScript/Reference/Global_Objects/eval","WebResource","/ftdemo_CustomLeadSummary.LeadSummaryControl/bundle.js","770","","","","","Usage of the JavaScript eval function should be limited where possible.  The eval function can be a dangerous function as it allows strings to be executed as scripts within the context of the caller.  This can be exploited to run malicious code.  Eval is also usually slower than other options due to the lack of optimizations of the script text passed to eval. If this error is reported for a Power Apps component framework code component created using CLI tooling, package your control with 'msbuild /p:configuration=Release' or 'npm run build -- --buildMode production' to produce a release build that does not include 'eval' usage."
"web-avoid-eval","Security","Critical","https://developer.mozilla.org/docs/Web/JavaScript/Reference/Global_Objects/eval","WebResource","/ftdemo_CustomLeadSummary.LeadSummaryControl/bundle.js","800","","","","","Usage of the JavaScript eval function should be limited where possible.  The eval function can be a dangerous function as it allows strings to be executed as scripts within the context of the caller.  This can be exploited to run malicious code.  Eval is also usually slower than other options due to the lack of optimizations of the script text passed to eval. If this error is reported for a Power Apps component framework code component created using CLI tooling, package your control with 'msbuild /p:configuration=Release' or 'npm run build -- --buildMode production' to produce a release build that does not include 'eval' usage."
"web-avoid-eval","Security","Critical","https://developer.mozilla.org/docs/Web/JavaScript/Reference/Global_Objects/eval","WebResource","/ftdemo_CustomLeadSummary.LeadSummaryControl/bundle.js","810","","","","","Usage of the JavaScript eval function should be limited where possible.  The eval function can be a dangerous function as it allows strings to be executed as scripts within the context of the caller.  This can be exploited to run malicious code.  Eval is also usually slower than other options due to the lack of optimizations of the script text passed to eval. If this error is reported for a Power Apps component framework code component created using CLI tooling, package your control with 'msbuild /p:configuration=Release' or 'npm run build -- --buildMode production' to produce a release build that does not include 'eval' usage."
"web-avoid-eval","Security","Critical","https://developer.mozilla.org/docs/Web/JavaScript/Reference/Global_Objects/eval","WebResource","/ftdemo_CustomLeadSummary.LeadSummaryControl/bundle.js","820","","","","","Usage of the JavaScript eval function should be limited where possible.  The eval function can be a dangerous function as it allows strings to be executed as scripts within the context of the caller.  This can be exploited to run malicious code.  Eval is also usually slower than other options due to the lack of optimizations of the script text passed to eval. If this error is reported for a Power Apps component framework code component created using CLI tooling, package your control with 'msbuild /p:configuration=Release' or 'npm run build -- --buildMode production' to produce a release build that does not include 'eval' usage."
"web-avoid-eval","Security","Critical","https://developer.mozilla.org/docs/Web/JavaScript/Reference/Global_Objects/eval","WebResource","/ftdemo_CustomLeadSummary.LeadSummaryControl/bundle.js","830","","","","","Usage of the JavaScript eval function should be limited where possible.  The eval function can be a dangerous function as it allows strings to be executed as scripts within the context of the caller.  This can be exploited to run malicious code.  Eval is also usually slower than other options due to the lack of optimizations of the script text passed to eval. If this error is reported for a Power Apps component framework code component created using CLI tooling, package your control with 'msbuild /p:configuration=Release' or 'npm run build -- --buildMode production' to produce a release build that does not include 'eval' usage."
"web-avoid-eval","Security","Critical","https://developer.mozilla.org/docs/Web/JavaScript/Reference/Global_Objects/eval","WebResource","/ftdemo_CustomLeadSummary.LeadSummaryControl/bundle.js","840","","","","","Usage of the JavaScript eval function should be limited where possible.  The eval function can be a dangerous function as it allows strings to be executed as scripts within the context of the caller.  This can be exploited to run malicious code.  Eval is also usually slower than other options due to the lack of optimizations of the script text passed to eval. If this error is reported for a Power Apps component framework code component created using CLI tooling, package your control with 'msbuild /p:configuration=Release' or 'npm run build -- --buildMode production' to produce a release build that does not include 'eval' usage."
"web-avoid-eval","Security","Critical","https://developer.mozilla.org/docs/Web/JavaScript/Reference/Global_Objects/eval","WebResource","/ftdemo_CustomLeadSummary.LeadSummaryControl/bundle.js","850","","","","","Usage of the JavaScript eval function should be limited where possible.  The eval function can be a dangerous function as it allows strings to be executed as scripts within the context of the caller.  This can be exploited to run malicious code.  Eval is also usually slower than other options due to the lack of optimizations of the script text passed to eval. If this error is reported for a Power Apps component framework code component created using CLI tooling, package your control with 'msbuild /p:configuration=Release' or 'npm run build -- --buildMode production' to produce a release build that does not include 'eval' usage."
"web-avoid-eval","Security","Critical","https://developer.mozilla.org/docs/Web/JavaScript/Reference/Global_Objects/eval","WebResource","/ftdemo_CustomLeadSummary.LeadSummaryControl/bundle.js","860","","","","","Usage of the JavaScript eval function should be limited where possible.  The eval function can be a dangerous function as it allows strings to be executed as scripts within the context of the caller.  This can be exploited to run malicious code.  Eval is also usually slower than other options due to the lack of optimizations of the script text passed to eval. If this error is reported for a Power Apps component framework code component created using CLI tooling, package your control with 'msbuild /p:configuration=Release' or 'npm run build -- --buildMode production' to produce a release build that does not include 'eval' usage."
"web-avoid-eval","Security","Critical","https://developer.mozilla.org/docs/Web/JavaScript/Reference/Global_Objects/eval","WebResource","/ftdemo_CustomLeadSummary.LeadSummaryControl/bundle.js","870","","","","","Usage of the JavaScript eval function should be limited where possible.  The eval function can be a dangerous function as it allows strings to be executed as scripts within the context of the caller.  This can be exploited to run malicious code.  Eval is also usually slower than other options due to the lack of optimizations of the script text passed to eval. If this error is reported for a Power Apps component framework code component created using CLI tooling, package your control with 'msbuild /p:configuration=Release' or 'npm run build -- --buildMode production' to produce a release build that does not include 'eval' usage."
"web-avoid-eval","Security","Critical","https://developer.mozilla.org/docs/Web/JavaScript/Reference/Global_Objects/eval","WebResource","/ftdemo_CustomLeadSummary.LeadSummaryControl/bundle.js","880","","","","","Usage of the JavaScript eval function should be limited where possible.  The eval function can be a dangerous function as it allows strings to be executed as scripts within the context of the caller.  This can be exploited to run malicious code.  Eval is also usually slower than other options due to the lack of optimizations of the script text passed to eval. If this error is reported for a Power Apps component framework code component created using CLI tooling, package your control with 'msbuild /p:configuration=Release' or 'npm run build -- --buildMode production' to produce a release build that does not include 'eval' usage."
"web-avoid-eval","Security","Critical","https://developer.mozilla.org/docs/Web/JavaScript/Reference/Global_Objects/eval","WebResource","/ftdemo_CustomLeadSummary.LeadSummaryControl/bundle.js","890","","","","","Usage of the JavaScript eval function should be limited where possible.  The eval function can be a dangerous function as it allows strings to be executed as scripts within the context of the caller.  This can be exploited to run malicious code.  Eval is also usually slower than other options due to the lack of optimizations of the script text passed to eval. If this error is reported for a Power Apps component framework code component created using CLI tooling, package your control with 'msbuild /p:configuration=Release' or 'npm run build -- --buildMode production' to produce a release build that does not include 'eval' usage."
"web-avoid-eval","Security","Critical","https://developer.mozilla.org/docs/Web/JavaScript/Reference/Global_Objects/eval","WebResource","/ftdemo_CustomLeadSummary.LeadSummaryControl/bundle.js","900","","","","","Usage of the JavaScript eval function should be limited where possible.  The eval function can be a dangerous function as it allows strings to be executed as scripts within the context of the caller.  This can be exploited to run malicious code.  Eval is also usually slower than other options due to the lack of optimizations of the script text passed to eval. If this error is reported for a Power Apps component framework code component created using CLI tooling, package your control with 'msbuild /p:configuration=Release' or 'npm run build -- --buildMode production' to produce a release build that does not include 'eval' usage."
"web-avoid-eval","Security","Critical","https://developer.mozilla.org/docs/Web/JavaScript/Reference/Global_Objects/eval","WebResource","/ftdemo_CustomLeadSummary.LeadSummaryControl/bundle.js","910","","","","","Usage of the JavaScript eval function should be limited where possible.  The eval function can be a dangerous function as it allows strings to be executed as scripts within the context of the caller.  This can be exploited to run malicious code.  Eval is also usually slower than other options due to the lack of optimizations of the script text passed to eval. If this error is reported for a Power Apps component framework code component created using CLI tooling, package your control with 'msbuild /p:configuration=Release' or 'npm run build -- --buildMode production' to produce a release build that does not include 'eval' usage."
"web-avoid-eval","Security","Critical","https://developer.mozilla.org/docs/Web/JavaScript/Reference/Global_Objects/eval","WebResource","/ftdemo_CustomLeadSummary.LeadSummaryControl/bundle.js","920","","","","","Usage of the JavaScript eval function should be limited where possible.  The eval function can be a dangerous function as it allows strings to be executed as scripts within the context of the caller.  This can be exploited to run malicious code.  Eval is also usually slower than other options due to the lack of optimizations of the script text passed to eval. If this error is reported for a Power Apps component framework code component created using CLI tooling, package your control with 'msbuild /p:configuration=Release' or 'npm run build -- --buildMode production' to produce a release build that does not include 'eval' usage."
"web-avoid-eval","Security","Critical","https://developer.mozilla.org/docs/Web/JavaScript/Reference/Global_Objects/eval","WebResource","/ftdemo_CustomLeadSummary.LeadSummaryControl/bundle.js","930","","","","","Usage of the JavaScript eval function should be limited where possible.  The eval function can be a dangerous function as it allows strings to be executed as scripts within the context of the caller.  This can be exploited to run malicious code.  Eval is also usually slower than other options due to the lack of optimizations of the script text passed to eval. If this error is reported for a Power Apps component framework code component created using CLI tooling, package your control with 'msbuild /p:configuration=Release' or 'npm run build -- --buildMode production' to produce a release build that does not include 'eval' usage."
"web-avoid-eval","Security","Critical","https://developer.mozilla.org/docs/Web/JavaScript/Reference/Global_Objects/eval","WebResource","/ftdemo_CustomLeadSummary.LeadSummaryControl/bundle.js","940","","","","","Usage of the JavaScript eval function should be limited where possible.  The eval function can be a dangerous function as it allows strings to be executed as scripts within the context of the caller.  This can be exploited to run malicious code.  Eval is also usually slower than other options due to the lack of optimizations of the script text passed to eval. If this error is reported for a Power Apps component framework code component created using CLI tooling, package your control with 'msbuild /p:configuration=Release' or 'npm run build -- --buildMode production' to produce a release build that does not include 'eval' usage."
"web-avoid-eval","Security","Critical","https://developer.mozilla.org/docs/Web/JavaScript/Reference/Global_Objects/eval","WebResource","/ftdemo_CustomLeadSummary.LeadSummaryControl/bundle.js","950","","","","","Usage of the JavaScript eval function should be limited where possible.  The eval function can be a dangerous function as it allows strings to be executed as scripts within the context of the caller.  This can be exploited to run malicious code.  Eval is also usually slower than other options due to the lack of optimizations of the script text passed to eval. If this error is reported for a Power Apps component framework code component created using CLI tooling, package your control with 'msbuild /p:configuration=Release' or 'npm run build -- --buildMode production' to produce a release build that does not include 'eval' usage."
"web-avoid-eval","Security","Critical","https://developer.mozilla.org/docs/Web/JavaScript/Reference/Global_Objects/eval","WebResource","/ftdemo_CustomLeadSummary.LeadSummaryControl/bundle.js","960","","","","","Usage of the JavaScript eval function should be limited where possible.  The eval function can be a dangerous function as it allows strings to be executed as scripts within the context of the caller.  This can be exploited to run malicious code.  Eval is also usually slower than other options due to the lack of optimizations of the script text passed to eval. If this error is reported for a Power Apps component framework code component created using CLI tooling, package your control with 'msbuild /p:configuration=Release' or 'npm run build -- --buildMode production' to produce a release build that does not include 'eval' usage."
"web-avoid-eval","Security","Critical","https://developer.mozilla.org/docs/Web/JavaScript/Reference/Global_Objects/eval","WebResource","/ftdemo_CustomLeadSummary.LeadSummaryControl/bundle.js","970","","","","","Usage of the JavaScript eval function should be limited where possible.  The eval function can be a dangerous function as it allows strings to be executed as scripts within the context of the caller.  This can be exploited to run malicious code.  Eval is also usually slower than other options due to the lack of optimizations of the script text passed to eval. If this error is reported for a Power Apps component framework code component created using CLI tooling, package your control with 'msbuild /p:configuration=Release' or 'npm run build -- --buildMode production' to produce a release build that does not include 'eval' usage."
"web-avoid-eval","Security","Critical","https://developer.mozilla.org/docs/Web/JavaScript/Reference/Global_Objects/eval","WebResource","/ftdemo_CustomLeadSummary.LeadSummaryControl/bundle.js","980","","","","","Usage of the JavaScript eval function should be limited where possible.  The eval function can be a dangerous function as it allows strings to be executed as scripts within the context of the caller.  This can be exploited to run malicious code.  Eval is also usually slower than other options due to the lack of optimizations of the script text passed to eval. If this error is reported for a Power Apps component framework code component created using CLI tooling, package your control with 'msbuild /p:configuration=Release' or 'npm run build -- --buildMode production' to produce a release build that does not include 'eval' usage."
"web-avoid-eval","Security","Critical","https://developer.mozilla.org/docs/Web/JavaScript/Reference/Global_Objects/eval","WebResource","/ftdemo_CustomLeadSummary.LeadSummaryControl/bundle.js","990","","","","","Usage of the JavaScript eval function should be limited where possible.  The eval function can be a dangerous function as it allows strings to be executed as scripts within the context of the caller.  This can be exploited to run malicious code.  Eval is also usually slower than other options due to the lack of optimizations of the script text passed to eval. If this error is reported for a Power Apps component framework code component created using CLI tooling, package your control with 'msbuild /p:configuration=Release' or 'npm run build -- --buildMode production' to produce a release build that does not include 'eval' usage."
"web-avoid-eval","Security","Critical","https://developer.mozilla.org/docs/Web/JavaScript/Reference/Global_Objects/eval","WebResource","/ftdemo_CustomLeadSummary.LeadSummaryControl/bundle.js","1000","","","","","Usage of the JavaScript eval function should be limited where possible.  The eval function can be a dangerous function as it allows strings to be executed as scripts within the context of the caller.  This can be exploited to run malicious code.  Eval is also usually slower than other options due to the lack of optimizations of the script text passed to eval. If this error is reported for a Power Apps component framework code component created using CLI tooling, package your control with 'msbuild /p:configuration=Release' or 'npm run build -- --buildMode production' to produce a release build that does not include 'eval' usage."
"web-avoid-eval","Security","Critical","https://developer.mozilla.org/docs/Web/JavaScript/Reference/Global_Objects/eval","WebResource","/ftdemo_CustomLeadSummary.LeadSummaryControl/bundle.js","1010","","","","","Usage of the JavaScript eval function should be limited where possible.  The eval function can be a dangerous function as it allows strings to be executed as scripts within the context of the caller.  This can be exploited to run malicious code.  Eval is also usually slower than other options due to the lack of optimizations of the script text passed to eval. If this error is reported for a Power Apps component framework code component created using CLI tooling, package your control with 'msbuild /p:configuration=Release' or 'npm run build -- --buildMode production' to produce a release build that does not include 'eval' usage."
"web-avoid-eval","Security","Critical","https://developer.mozilla.org/docs/Web/JavaScript/Reference/Global_Objects/eval","WebResource","/ftdemo_CustomLeadSummary.LeadSummaryControl/bundle.js","1020","","","","","Usage of the JavaScript eval function should be limited where possible.  The eval function can be a dangerous function as it allows strings to be executed as scripts within the context of the caller.  This can be exploited to run malicious code.  Eval is also usually slower than other options due to the lack of optimizations of the script text passed to eval. If this error is reported for a Power Apps component framework code component created using CLI tooling, package your control with 'msbuild /p:configuration=Release' or 'npm run build -- --buildMode production' to produce a release build that does not include 'eval' usage."
"web-avoid-eval","Security","Critical","https://developer.mozilla.org/docs/Web/JavaScript/Reference/Global_Objects/eval","WebResource","/ftdemo_CustomLeadSummary.LeadSummaryControl/bundle.js","1030","","","","","Usage of the JavaScript eval function should be limited where possible.  The eval function can be a dangerous function as it allows strings to be executed as scripts within the context of the caller.  This can be exploited to run malicious code.  Eval is also usually slower than other options due to the lack of optimizations of the script text passed to eval. If this error is reported for a Power Apps component framework code component created using CLI tooling, package your control with 'msbuild /p:configuration=Release' or 'npm run build -- --buildMode production' to produce a release build that does not include 'eval' usage."
"web-avoid-eval","Security","Critical","https://developer.mozilla.org/docs/Web/JavaScript/Reference/Global_Objects/eval","WebResource","/ftdemo_CustomLeadSummary.LeadSummaryControl/bundle.js","1040","","","","","Usage of the JavaScript eval function should be limited where possible.  The eval function can be a dangerous function as it allows strings to be executed as scripts within the context of the caller.  This can be exploited to run malicious code.  Eval is also usually slower than other options due to the lack of optimizations of the script text passed to eval. If this error is reported for a Power Apps component framework code component created using CLI tooling, package your control with 'msbuild /p:configuration=Release' or 'npm run build -- --buildMode production' to produce a release build that does not include 'eval' usage."
"web-avoid-eval","Security","Critical","https://developer.mozilla.org/docs/Web/JavaScript/Reference/Global_Objects/eval","WebResource","/ftdemo_CustomLeadSummary.LeadSummaryControl/bundle.js","1050","","","","","Usage of the JavaScript eval function should be limited where possible.  The eval function can be a dangerous function as it allows strings to be executed as scripts within the context of the caller.  This can be exploited to run malicious code.  Eval is also usually slower than other options due to the lack of optimizations of the script text passed to eval. If this error is reported for a Power Apps component framework code component created using CLI tooling, package your control with 'msbuild /p:configuration=Release' or 'npm run build -- --buildMode production' to produce a release build that does not include 'eval' usage."
"web-avoid-eval","Security","Critical","https://developer.mozilla.org/docs/Web/JavaScript/Reference/Global_Objects/eval","WebResource","/ftdemo_CustomLeadSummary.LeadSummaryControl/bundle.js","1060","","","","","Usage of the JavaScript eval function should be limited where possible.  The eval function can be a dangerous function as it allows strings to be executed as scripts within the context of the caller.  This can be exploited to run malicious code.  Eval is also usually slower than other options due to the lack of optimizations of the script text passed to eval. If this error is reported for a Power Apps component framework code component created using CLI tooling, package your control with 'msbuild /p:configuration=Release' or 'npm run build -- --buildMode production' to produce a release build that does not include 'eval' usage."
"web-avoid-eval","Security","Critical","https://developer.mozilla.org/docs/Web/JavaScript/Reference/Global_Objects/eval","WebResource","/ftdemo_CustomLeadSummary.LeadSummaryControl/bundle.js","1070","","","","","Usage of the JavaScript eval function should be limited where possible.  The eval function can be a dangerous function as it allows strings to be executed as scripts within the context of the caller.  This can be exploited to run malicious code.  Eval is also usually slower than other options due to the lack of optimizations of the script text passed to eval. If this error is reported for a Power Apps component framework code component created using CLI tooling, package your control with 'msbuild /p:configuration=Release' or 'npm run build -- --buildMode production' to produce a release build that does not include 'eval' usage."
"web-avoid-eval","Security","Critical","https://developer.mozilla.org/docs/Web/JavaScript/Reference/Global_Objects/eval","WebResource","/ftdemo_CustomLeadSummary.LeadSummaryControl/bundle.js","1080","","","","","Usage of the JavaScript eval function should be limited where possible.  The eval function can be a dangerous function as it allows strings to be executed as scripts within the context of the caller.  This can be exploited to run malicious code.  Eval is also usually slower than other options due to the lack of optimizations of the script text passed to eval. If this error is reported for a Power Apps component framework code component created using CLI tooling, package your control with 'msbuild /p:configuration=Release' or 'npm run build -- --buildMode production' to produce a release build that does not include 'eval' usage."
"web-avoid-eval","Security","Critical","https://developer.mozilla.org/docs/Web/JavaScript/Reference/Global_Objects/eval","WebResource","/ftdemo_CustomLeadSummary.LeadSummaryControl/bundle.js","1090","","","","","Usage of the JavaScript eval function should be limited where possible.  The eval function can be a dangerous function as it allows strings to be executed as scripts within the context of the caller.  This can be exploited to run malicious code.  Eval is also usually slower than other options due to the lack of optimizations of the script text passed to eval. If this error is reported for a Power Apps component framework code component created using CLI tooling, package your control with 'msbuild /p:configuration=Release' or 'npm run build -- --buildMode production' to produce a release build that does not include 'eval' usage."
"web-avoid-eval","Security","Critical","https://developer.mozilla.org/docs/Web/JavaScript/Reference/Global_Objects/eval","WebResource","/ftdemo_CustomLeadSummary.LeadSummaryControl/bundle.js","1100","","","","","Usage of the JavaScript eval function should be limited where possible.  The eval function can be a dangerous function as it allows strings to be executed as scripts within the context of the caller.  This can be exploited to run malicious code.  Eval is also usually slower than other options due to the lack of optimizations of the script text passed to eval. If this error is reported for a Power Apps component framework code component created using CLI tooling, package your control with 'msbuild /p:configuration=Release' or 'npm run build -- --buildMode production' to produce a release build that does not include 'eval' usage."
"web-avoid-eval","Security","Critical","https://developer.mozilla.org/docs/Web/JavaScript/Reference/Global_Objects/eval","WebResource","/ftdemo_CustomLeadSummary.LeadSummaryControl/bundle.js","1110","","","","","Usage of the JavaScript eval function should be limited where possible.  The eval function can be a dangerous function as it allows strings to be executed as scripts within the context of the caller.  This can be exploited to run malicious code.  Eval is also usually slower than other options due to the lack of optimizations of the script text passed to eval. If this error is reported for a Power Apps component framework code component created using CLI tooling, package your control with 'msbuild /p:configuration=Release' or 'npm run build -- --buildMode production' to produce a release build that does not include 'eval' usage."
"web-avoid-eval","Security","Critical","https://developer.mozilla.org/docs/Web/JavaScript/Reference/Global_Objects/eval","WebResource","/ftdemo_CustomLeadSummary.LeadSummaryControl/bundle.js","1120","","","","","Usage of the JavaScript eval function should be limited where possible.  The eval function can be a dangerous function as it allows strings to be executed as scripts within the context of the caller.  This can be exploited to run malicious code.  Eval is also usually slower than other options due to the lack of optimizations of the script text passed to eval. If this error is reported for a Power Apps component framework code component created using CLI tooling, package your control with 'msbuild /p:configuration=Release' or 'npm run build -- --buildMode production' to produce a release build that does not include 'eval' usage."
"web-avoid-eval","Security","Critical","https://developer.mozilla.org/docs/Web/JavaScript/Reference/Global_Objects/eval","WebResource","/ftdemo_CustomLeadSummary.LeadSummaryControl/bundle.js","1130","","","","","Usage of the JavaScript eval function should be limited where possible.  The eval function can be a dangerous function as it allows strings to be executed as scripts within the context of the caller.  This can be exploited to run malicious code.  Eval is also usually slower than other options due to the lack of optimizations of the script text passed to eval. If this error is reported for a Power Apps component framework code component created using CLI tooling, package your control with 'msbuild /p:configuration=Release' or 'npm run build -- --buildMode production' to produce a release build that does not include 'eval' usage."
"web-avoid-eval","Security","Critical","https://developer.mozilla.org/docs/Web/JavaScript/Reference/Global_Objects/eval","WebResource","/ftdemo_CustomLeadSummary.LeadSummaryControl/bundle.js","1140","","","","","Usage of the JavaScript eval function should be limited where possible.  The eval function can be a dangerous function as it allows strings to be executed as scripts within the context of the caller.  This can be exploited to run malicious code.  Eval is also usually slower than other options due to the lack of optimizations of the script text passed to eval. If this error is reported for a Power Apps component framework code component created using CLI tooling, package your control with 'msbuild /p:configuration=Release' or 'npm run build -- --buildMode production' to produce a release build that does not include 'eval' usage."
"web-avoid-eval","Security","Critical","https://developer.mozilla.org/docs/Web/JavaScript/Reference/Global_Objects/eval","WebResource","/ftdemo_CustomLeadSummary.LeadSummaryControl/bundle.js","1150","","","","","Usage of the JavaScript eval function should be limited where possible.  The eval function can be a dangerous function as it allows strings to be executed as scripts within the context of the caller.  This can be exploited to run malicious code.  Eval is also usually slower than other options due to the lack of optimizations of the script text passed to eval. If this error is reported for a Power Apps component framework code component created using CLI tooling, package your control with 'msbuild /p:configuration=Release' or 'npm run build -- --buildMode production' to produce a release build that does not include 'eval' usage."
"web-avoid-eval","Security","Critical","https://developer.mozilla.org/docs/Web/JavaScript/Reference/Global_Objects/eval","WebResource","/ftdemo_CustomLeadSummary.LeadSummaryControl/bundle.js","1160","","","","","Usage of the JavaScript eval function should be limited where possible.  The eval function can be a dangerous function as it allows strings to be executed as scripts within the context of the caller.  This can be exploited to run malicious code.  Eval is also usually slower than other options due to the lack of optimizations of the script text passed to eval. If this error is reported for a Power Apps component framework code component created using CLI tooling, package your control with 'msbuild /p:configuration=Release' or 'npm run build -- --buildMode production' to produce a release build that does not include 'eval' usage."
"web-avoid-eval","Security","Critical","https://developer.mozilla.org/docs/Web/JavaScript/Reference/Global_Objects/eval","WebResource","/ftdemo_CustomLeadSummary.LeadSummaryControl/bundle.js","1170","","","","","Usage of the JavaScript eval function should be limited where possible.  The eval function can be a dangerous function as it allows strings to be executed as scripts within the context of the caller.  This can be exploited to run malicious code.  Eval is also usually slower than other options due to the lack of optimizations of the script text passed to eval. If this error is reported for a Power Apps component framework code component created using CLI tooling, package your control with 'msbuild /p:configuration=Release' or 'npm run build -- --buildMode production' to produce a release build that does not include 'eval' usage."
"web-avoid-eval","Security","Critical","https://developer.mozilla.org/docs/Web/JavaScript/Reference/Global_Objects/eval","WebResource","/ftdemo_CustomLeadSummary.LeadSummaryControl/bundle.js","1180","","","","","Usage of the JavaScript eval function should be limited where possible.  The eval function can be a dangerous function as it allows strings to be executed as scripts within the context of the caller.  This can be exploited to run malicious code.  Eval is also usually slower than other options due to the lack of optimizations of the script text passed to eval. If this error is reported for a Power Apps component framework code component created using CLI tooling, package your control with 'msbuild /p:configuration=Release' or 'npm run build -- --buildMode production' to produce a release build that does not include 'eval' usage."
"web-avoid-eval","Security","Critical","https://developer.mozilla.org/docs/Web/JavaScript/Reference/Global_Objects/eval","WebResource","/ftdemo_CustomLeadSummary.LeadSummaryControl/bundle.js","1190","","","","","Usage of the JavaScript eval function should be limited where possible.  The eval function can be a dangerous function as it allows strings to be executed as scripts within the context of the caller.  This can be exploited to run malicious code.  Eval is also usually slower than other options due to the lack of optimizations of the script text passed to eval. If this error is reported for a Power Apps component framework code component created using CLI tooling, package your control with 'msbuild /p:configuration=Release' or 'npm run build -- --buildMode production' to produce a release build that does not include 'eval' usage."
"web-avoid-eval","Security","Critical","https://developer.mozilla.org/docs/Web/JavaScript/Reference/Global_Objects/eval","WebResource","/ftdemo_CustomLeadSummary.LeadSummaryControl/bundle.js","1200","","","","","Usage of the JavaScript eval function should be limited where possible.  The eval function can be a dangerous function as it allows strings to be executed as scripts within the context of the caller.  This can be exploited to run malicious code.  Eval is also usually slower than other options due to the lack of optimizations of the script text passed to eval. If this error is reported for a Power Apps component framework code component created using CLI tooling, package your control with 'msbuild /p:configuration=Release' or 'npm run build -- --buildMode production' to produce a release build that does not include 'eval' usage."
"web-avoid-eval","Security","Critical","https://developer.mozilla.org/docs/Web/JavaScript/Reference/Global_Objects/eval","WebResource","/ftdemo_CustomLeadSummary.LeadSummaryControl/bundle.js","1210","","","","","Usage of the JavaScript eval function should be limited where possible.  The eval function can be a dangerous function as it allows strings to be executed as scripts within the context of the caller.  This can be exploited to run malicious code.  Eval is also usually slower than other options due to the lack of optimizations of the script text passed to eval. If this error is reported for a Power Apps component framework code component created using CLI tooling, package your control with 'msbuild /p:configuration=Release' or 'npm run build -- --buildMode production' to produce a release build that does not include 'eval' usage."
"web-avoid-eval","Security","Critical","https://developer.mozilla.org/docs/Web/JavaScript/Reference/Global_Objects/eval","WebResource","/ftdemo_CustomLeadSummary.LeadSummaryControl/bundle.js","1220","","","","","Usage of the JavaScript eval function should be limited where possible.  The eval function can be a dangerous function as it allows strings to be executed as scripts within the context of the caller.  This can be exploited to run malicious code.  Eval is also usually slower than other options due to the lack of optimizations of the script text passed to eval. If this error is reported for a Power Apps component framework code component created using CLI tooling, package your control with 'msbuild /p:configuration=Release' or 'npm run build -- --buildMode production' to produce a release build that does not include 'eval' usage."
"web-avoid-eval","Security","Critical","https://developer.mozilla.org/docs/Web/JavaScript/Reference/Global_Objects/eval","WebResource","/ftdemo_CustomLeadSummary.LeadSummaryControl/bundle.js","1230","","","","","Usage of the JavaScript eval function should be limited where possible.  The eval function can be a dangerous function as it allows strings to be executed as scripts within the context of the caller.  This can be exploited to run malicious code.  Eval is also usually slower than other options due to the lack of optimizations of the script text passed to eval. If this error is reported for a Power Apps component framework code component created using CLI tooling, package your control with 'msbuild /p:configuration=Release' or 'npm run build -- --buildMode production' to produce a release build that does not include 'eval' usage."
"web-avoid-eval","Security","Critical","https://developer.mozilla.org/docs/Web/JavaScript/Reference/Global_Objects/eval","WebResource","/ftdemo_CustomLeadSummary.LeadSummaryControl/bundle.js","1240","","","","","Usage of the JavaScript eval function should be limited where possible.  The eval function can be a dangerous function as it allows strings to be executed as scripts within the context of the caller.  This can be exploited to run malicious code.  Eval is also usually slower than other options due to the lack of optimizations of the script text passed to eval. If this error is reported for a Power Apps component framework code component created using CLI tooling, package your control with 'msbuild /p:configuration=Release' or 'npm run build -- --buildMode production' to produce a release build that does not include 'eval' usage."
"web-avoid-eval","Security","Critical","https://developer.mozilla.org/docs/Web/JavaScript/Reference/Global_Objects/eval","WebResource","/ftdemo_CustomLeadSummary.LeadSummaryControl/bundle.js","1250","","","","","Usage of the JavaScript eval function should be limited where possible.  The eval function can be a dangerous function as it allows strings to be executed as scripts within the context of the caller.  This can be exploited to run malicious code.  Eval is also usually slower than other options due to the lack of optimizations of the script text passed to eval. If this error is reported for a Power Apps component framework code component created using CLI tooling, package your control with 'msbuild /p:configuration=Release' or 'npm run build -- --buildMode production' to produce a release build that does not include 'eval' usage."
"web-avoid-eval","Security","Critical","https://developer.mozilla.org/docs/Web/JavaScript/Reference/Global_Objects/eval","WebResource","/ftdemo_CustomLeadSummary.LeadSummaryControl/bundle.js","1260","","","","","Usage of the JavaScript eval function should be limited where possible.  The eval function can be a dangerous function as it allows strings to be executed as scripts within the context of the caller.  This can be exploited to run malicious code.  Eval is also usually slower than other options due to the lack of optimizations of the script text passed to eval. If this error is reported for a Power Apps component framework code component created using CLI tooling, package your control with 'msbuild /p:configuration=Release' or 'npm run build -- --buildMode production' to produce a release build that does not include 'eval' usage."
"web-avoid-eval","Security","Critical","https://developer.mozilla.org/docs/Web/JavaScript/Reference/Global_Objects/eval","WebResource","/ftdemo_CustomLeadSummary.LeadSummaryControl/bundle.js","1270","","","","","Usage of the JavaScript eval function should be limited where possible.  The eval function can be a dangerous function as it allows strings to be executed as scripts within the context of the caller.  This can be exploited to run malicious code.  Eval is also usually slower than other options due to the lack of optimizations of the script text passed to eval. If this error is reported for a Power Apps component framework code component created using CLI tooling, package your control with 'msbuild /p:configuration=Release' or 'npm run build -- --buildMode production' to produce a release build that does not include 'eval' usage."
"web-avoid-eval","Security","Critical","https://developer.mozilla.org/docs/Web/JavaScript/Reference/Global_Objects/eval","WebResource","/ftdemo_CustomLeadSummary.LeadSummaryControl/bundle.js","1280","","","","","Usage of the JavaScript eval function should be limited where possible.  The eval function can be a dangerous function as it allows strings to be executed as scripts within the context of the caller.  This can be exploited to run malicious code.  Eval is also usually slower than other options due to the lack of optimizations of the script text passed to eval. If this error is reported for a Power Apps component framework code component created using CLI tooling, package your control with 'msbuild /p:configuration=Release' or 'npm run build -- --buildMode production' to produce a release build that does not include 'eval' usage."
"web-avoid-eval","Security","Critical","https://developer.mozilla.org/docs/Web/JavaScript/Reference/Global_Objects/eval","WebResource","/ftdemo_CustomLeadSummary.LeadSummaryControl/bundle.js","1290","","","","","Usage of the JavaScript eval function should be limited where possible.  The eval function can be a dangerous function as it allows strings to be executed as scripts within the context of the caller.  This can be exploited to run malicious code.  Eval is also usually slower than other options due to the lack of optimizations of the script text passed to eval. If this error is reported for a Power Apps component framework code component created using CLI tooling, package your control with 'msbuild /p:configuration=Release' or 'npm run build -- --buildMode production' to produce a release build that does not include 'eval' usage."
"web-avoid-eval","Security","Critical","https://developer.mozilla.org/docs/Web/JavaScript/Reference/Global_Objects/eval","WebResource","/ftdemo_CustomLeadSummary.LeadSummaryControl/bundle.js","1300","","","","","Usage of the JavaScript eval function should be limited where possible.  The eval function can be a dangerous function as it allows strings to be executed as scripts within the context of the caller.  This can be exploited to run malicious code.  Eval is also usually slower than other options due to the lack of optimizations of the script text passed to eval. If this error is reported for a Power Apps component framework code component created using CLI tooling, package your control with 'msbuild /p:configuration=Release' or 'npm run build -- --buildMode production' to produce a release build that does not include 'eval' usage."
"web-avoid-eval","Security","Critical","https://developer.mozilla.org/docs/Web/JavaScript/Reference/Global_Objects/eval","WebResource","/ftdemo_CustomLeadSummary.LeadSummaryControl/bundle.js","1310","","","","","Usage of the JavaScript eval function should be limited where possible.  The eval function can be a dangerous function as it allows strings to be executed as scripts within the context of the caller.  This can be exploited to run malicious code.  Eval is also usually slower than other options due to the lack of optimizations of the script text passed to eval. If this error is reported for a Power Apps component framework code component created using CLI tooling, package your control with 'msbuild /p:configuration=Release' or 'npm run build -- --buildMode production' to produce a release build that does not include 'eval' usage."
"web-avoid-eval","Security","Critical","https://developer.mozilla.org/docs/Web/JavaScript/Reference/Global_Objects/eval","WebResource","/ftdemo_CustomLeadSummary.LeadSummaryControl/bundle.js","1320","","","","","Usage of the JavaScript eval function should be limited where possible.  The eval function can be a dangerous function as it allows strings to be executed as scripts within the context of the caller.  This can be exploited to run malicious code.  Eval is also usually slower than other options due to the lack of optimizations of the script text passed to eval. If this error is reported for a Power Apps component framework code component created using CLI tooling, package your control with 'msbuild /p:configuration=Release' or 'npm run build -- --buildMode production' to produce a release build that does not include 'eval' usage."
"web-avoid-eval","Security","Critical","https://developer.mozilla.org/docs/Web/JavaScript/Reference/Global_Objects/eval","WebResource","/ftdemo_CustomLeadSummary.LeadSummaryControl/bundle.js","1330","","","","","Usage of the JavaScript eval function should be limited where possible.  The eval function can be a dangerous function as it allows strings to be executed as scripts within the context of the caller.  This can be exploited to run malicious code.  Eval is also usually slower than other options due to the lack of optimizations of the script text passed to eval. If this error is reported for a Power Apps component framework code component created using CLI tooling, package your control with 'msbuild /p:configuration=Release' or 'npm run build -- --buildMode production' to produce a release build that does not include 'eval' usage."
"web-avoid-eval","Security","Critical","https://developer.mozilla.org/docs/Web/JavaScript/Reference/Global_Objects/eval","WebResource","/ftdemo_CustomLeadSummary.LeadSummaryControl/bundle.js","1340","","","","","Usage of the JavaScript eval function should be limited where possible.  The eval function can be a dangerous function as it allows strings to be executed as scripts within the context of the caller.  This can be exploited to run malicious code.  Eval is also usually slower than other options due to the lack of optimizations of the script text passed to eval. If this error is reported for a Power Apps component framework code component created using CLI tooling, package your control with 'msbuild /p:configuration=Release' or 'npm run build -- --buildMode production' to produce a release build that does not include 'eval' usage."
"web-avoid-eval","Security","Critical","https://developer.mozilla.org/docs/Web/JavaScript/Reference/Global_Objects/eval","WebResource","/ftdemo_CustomLeadSummary.LeadSummaryControl/bundle.js","1350","","","","","Usage of the JavaScript eval function should be limited where possible.  The eval function can be a dangerous function as it allows strings to be executed as scripts within the context of the caller.  This can be exploited to run malicious code.  Eval is also usually slower than other options due to the lack of optimizations of the script text passed to eval. If this error is reported for a Power Apps component framework code component created using CLI tooling, package your control with 'msbuild /p:configuration=Release' or 'npm run build -- --buildMode production' to produce a release build that does not include 'eval' usage."
"web-avoid-eval","Security","Critical","https://developer.mozilla.org/docs/Web/JavaScript/Reference/Global_Objects/eval","WebResource","/ftdemo_CustomLeadSummary.LeadSummaryControl/bundle.js","1360","","","","","Usage of the JavaScript eval function should be limited where possible.  The eval function can be a dangerous function as it allows strings to be executed as scripts within the context of the caller.  This can be exploited to run malicious code.  Eval is also usually slower than other options due to the lack of optimizations of the script text passed to eval. If this error is reported for a Power Apps component framework code component created using CLI tooling, package your control with 'msbuild /p:configuration=Release' or 'npm run build -- --buildMode production' to produce a release build that does not include 'eval' usage."
"web-avoid-eval","Security","Critical","https://developer.mozilla.org/docs/Web/JavaScript/Reference/Global_Objects/eval","WebResource","/ftdemo_CustomLeadSummary.LeadSummaryControl/bundle.js","1370","","","","","Usage of the JavaScript eval function should be limited where possible.  The eval function can be a dangerous function as it allows strings to be executed as scripts within the context of the caller.  This can be exploited to run malicious code.  Eval is also usually slower than other options due to the lack of optimizations of the script text passed to eval. If this error is reported for a Power Apps component framework code component created using CLI tooling, package your control with 'msbuild /p:configuration=Release' or 'npm run build -- --buildMode production' to produce a release build that does not include 'eval' usage."
"web-avoid-eval","Security","Critical","https://developer.mozilla.org/docs/Web/JavaScript/Reference/Global_Objects/eval","WebResource","/ftdemo_CustomLeadSummary.LeadSummaryControl/bundle.js","1380","","","","","Usage of the JavaScript eval function should be limited where possible.  The eval function can be a dangerous function as it allows strings to be executed as scripts within the context of the caller.  This can be exploited to run malicious code.  Eval is also usually slower than other options due to the lack of optimizations of the script text passed to eval. If this error is reported for a Power Apps component framework code component created using CLI tooling, package your control with 'msbuild /p:configuration=Release' or 'npm run build -- --buildMode production' to produce a release build that does not include 'eval' usage."
"web-avoid-eval","Security","Critical","https://developer.mozilla.org/docs/Web/JavaScript/Reference/Global_Objects/eval","WebResource","/ftdemo_CustomLeadSummary.LeadSummaryControl/bundle.js","1390","","","","","Usage of the JavaScript eval function should be limited where possible.  The eval function can be a dangerous function as it allows strings to be executed as scripts within the context of the caller.  This can be exploited to run malicious code.  Eval is also usually slower than other options due to the lack of optimizations of the script text passed to eval. If this error is reported for a Power Apps component framework code component created using CLI tooling, package your control with 'msbuild /p:configuration=Release' or 'npm run build -- --buildMode production' to produce a release build that does not include 'eval' usage."
"web-avoid-eval","Security","Critical","https://developer.mozilla.org/docs/Web/JavaScript/Reference/Global_Objects/eval","WebResource","/ftdemo_CustomLeadSummary.LeadSummaryControl/bundle.js","1400","","","","","Usage of the JavaScript eval function should be limited where possible.  The eval function can be a dangerous function as it allows strings to be executed as scripts within the context of the caller.  This can be exploited to run malicious code.  Eval is also usually slower than other options due to the lack of optimizations of the script text passed to eval. If this error is reported for a Power Apps component framework code component created using CLI tooling, package your control with 'msbuild /p:configuration=Release' or 'npm run build -- --buildMode production' to produce a release build that does not include 'eval' usage."
"web-avoid-eval","Security","Critical","https://developer.mozilla.org/docs/Web/JavaScript/Reference/Global_Objects/eval","WebResource","/ftdemo_CustomLeadSummary.LeadSummaryControl/bundle.js","1410","","","","","Usage of the JavaScript eval function should be limited where possible.  The eval function can be a dangerous function as it allows strings to be executed as scripts within the context of the caller.  This can be exploited to run malicious code.  Eval is also usually slower than other options due to the lack of optimizations of the script text passed to eval. If this error is reported for a Power Apps component framework code component created using CLI tooling, package your control with 'msbuild /p:configuration=Release' or 'npm run build -- --buildMode production' to produce a release build that does not include 'eval' usage."
"web-avoid-eval","Security","Critical","https://developer.mozilla.org/docs/Web/JavaScript/Reference/Global_Objects/eval","WebResource","/ftdemo_CustomLeadSummary.LeadSummaryControl/bundle.js","1420","","","","","Usage of the JavaScript eval function should be limited where possible.  The eval function can be a dangerous function as it allows strings to be executed as scripts within the context of the caller.  This can be exploited to run malicious code.  Eval is also usually slower than other options due to the lack of optimizations of the script text passed to eval. If this error is reported for a Power Apps component framework code component created using CLI tooling, package your control with 'msbuild /p:configuration=Release' or 'npm run build -- --buildMode production' to produce a release build that does not include 'eval' usage."
"web-avoid-eval","Security","Critical","https://developer.mozilla.org/docs/Web/JavaScript/Reference/Global_Objects/eval","WebResource","/ftdemo_CustomLeadSummary.LeadSummaryControl/bundle.js","1430","","","","","Usage of the JavaScript eval function should be limited where possible.  The eval function can be a dangerous function as it allows strings to be executed as scripts within the context of the caller.  This can be exploited to run malicious code.  Eval is also usually slower than other options due to the lack of optimizations of the script text passed to eval. If this error is reported for a Power Apps component framework code component created using CLI tooling, package your control with 'msbuild /p:configuration=Release' or 'npm run build -- --buildMode production' to produce a release build that does not include 'eval' usage."
"web-avoid-eval","Security","Critical","https://developer.mozilla.org/docs/Web/JavaScript/Reference/Global_Objects/eval","WebResource","/ftdemo_CustomLeadSummary.LeadSummaryControl/bundle.js","1440","","","","","Usage of the JavaScript eval function should be limited where possible.  The eval function can be a dangerous function as it allows strings to be executed as scripts within the context of the caller.  This can be exploited to run malicious code.  Eval is also usually slower than other options due to the lack of optimizations of the script text passed to eval. If this error is reported for a Power Apps component framework code component created using CLI tooling, package your control with 'msbuild /p:configuration=Release' or 'npm run build -- --buildMode production' to produce a release build that does not include 'eval' usage."
"web-avoid-eval","Security","Critical","https://developer.mozilla.org/docs/Web/JavaScript/Reference/Global_Objects/eval","WebResource","/ftdemo_CustomLeadSummary.LeadSummaryControl/bundle.js","1450","","","","","Usage of the JavaScript eval function should be limited where possible.  The eval function can be a dangerous function as it allows strings to be executed as scripts within the context of the caller.  This can be exploited to run malicious code.  Eval is also usually slower than other options due to the lack of optimizations of the script text passed to eval. If this error is reported for a Power Apps component framework code component created using CLI tooling, package your control with 'msbuild /p:configuration=Release' or 'npm run build -- --buildMode production' to produce a release build that does not include 'eval' usage."
"web-avoid-eval","Security","Critical","https://developer.mozilla.org/docs/Web/JavaScript/Reference/Global_Objects/eval","WebResource","/ftdemo_CustomLeadSummary.LeadSummaryControl/bundle.js","1460","","","","","Usage of the JavaScript eval function should be limited where possible.  The eval function can be a dangerous function as it allows strings to be executed as scripts within the context of the caller.  This can be exploited to run malicious code.  Eval is also usually slower than other options due to the lack of optimizations of the script text passed to eval. If this error is reported for a Power Apps component framework code component created using CLI tooling, package your control with 'msbuild /p:configuration=Release' or 'npm run build -- --buildMode production' to produce a release build that does not include 'eval' usage."
"web-avoid-eval","Security","Critical","https://developer.mozilla.org/docs/Web/JavaScript/Reference/Global_Objects/eval","WebResource","/ftdemo_CustomLeadSummary.LeadSummaryControl/bundle.js","1470","","","","","Usage of the JavaScript eval function should be limited where possible.  The eval function can be a dangerous function as it allows strings to be executed as scripts within the context of the caller.  This can be exploited to run malicious code.  Eval is also usually slower than other options due to the lack of optimizations of the script text passed to eval. If this error is reported for a Power Apps component framework code component created using CLI tooling, package your control with 'msbuild /p:configuration=Release' or 'npm run build -- --buildMode production' to produce a release build that does not include 'eval' usage."
"web-avoid-eval","Security","Critical","https://developer.mozilla.org/docs/Web/JavaScript/Reference/Global_Objects/eval","WebResource","/ftdemo_CustomLeadSummary.LeadSummaryControl/bundle.js","1480","","","","","Usage of the JavaScript eval function should be limited where possible.  The eval function can be a dangerous function as it allows strings to be executed as scripts within the context of the caller.  This can be exploited to run malicious code.  Eval is also usually slower than other options due to the lack of optimizations of the script text passed to eval. If this error is reported for a Power Apps component framework code component created using CLI tooling, package your control with 'msbuild /p:configuration=Release' or 'npm run build -- --buildMode production' to produce a release build that does not include 'eval' usage."
"web-avoid-eval","Security","Critical","https://developer.mozilla.org/docs/Web/JavaScript/Reference/Global_Objects/eval","WebResource","/ftdemo_CustomLeadSummary.LeadSummaryControl/bundle.js","1490","","","","","Usage of the JavaScript eval function should be limited where possible.  The eval function can be a dangerous function as it allows strings to be executed as scripts within the context of the caller.  This can be exploited to run malicious code.  Eval is also usually slower than other options due to the lack of optimizations of the script text passed to eval. If this error is reported for a Power Apps component framework code component created using CLI tooling, package your control with 'msbuild /p:configuration=Release' or 'npm run build -- --buildMode production' to produce a release build that does not include 'eval' usage."
"web-avoid-eval","Security","Critical","https://developer.mozilla.org/docs/Web/JavaScript/Reference/Global_Objects/eval","WebResource","/ftdemo_CustomLeadSummary.LeadSummaryControl/bundle.js","1500","","","","","Usage of the JavaScript eval function should be limited where possible.  The eval function can be a dangerous function as it allows strings to be executed as scripts within the context of the caller.  This can be exploited to run malicious code.  Eval is also usually slower than other options due to the lack of optimizations of the script text passed to eval. If this error is reported for a Power Apps component framework code component created using CLI tooling, package your control with 'msbuild /p:configuration=Release' or 'npm run build -- --buildMode production' to produce a release build that does not include 'eval' usage."
"web-avoid-eval","Security","Critical","https://developer.mozilla.org/docs/Web/JavaScript/Reference/Global_Objects/eval","WebResource","/ftdemo_CustomLeadSummary.LeadSummaryControl/bundle.js","1510","","","","","Usage of the JavaScript eval function should be limited where possible.  The eval function can be a dangerous function as it allows strings to be executed as scripts within the context of the caller.  This can be exploited to run malicious code.  Eval is also usually slower than other options due to the lack of optimizations of the script text passed to eval. If this error is reported for a Power Apps component framework code component created using CLI tooling, package your control with 'msbuild /p:configuration=Release' or 'npm run build -- --buildMode production' to produce a release build that does not include 'eval' usage."
"web-avoid-eval","Security","Critical","https://developer.mozilla.org/docs/Web/JavaScript/Reference/Global_Objects/eval","WebResource","/ftdemo_CustomLeadSummary.LeadSummaryControl/bundle.js","1520","","","","","Usage of the JavaScript eval function should be limited where possible.  The eval function can be a dangerous function as it allows strings to be executed as scripts within the context of the caller.  This can be exploited to run malicious code.  Eval is also usually slower than other options due to the lack of optimizations of the script text passed to eval. If this error is reported for a Power Apps component framework code component created using CLI tooling, package your control with 'msbuild /p:configuration=Release' or 'npm run build -- --buildMode production' to produce a release build that does not include 'eval' usage."
"web-avoid-eval","Security","Critical","https://developer.mozilla.org/docs/Web/JavaScript/Reference/Global_Objects/eval","WebResource","/ftdemo_CustomLeadSummary.LeadSummaryControl/bundle.js","1530","","","","","Usage of the JavaScript eval function should be limited where possible.  The eval function can be a dangerous function as it allows strings to be executed as scripts within the context of the caller.  This can be exploited to run malicious code.  Eval is also usually slower than other options due to the lack of optimizations of the script text passed to eval. If this error is reported for a Power Apps component framework code component created using CLI tooling, package your control with 'msbuild /p:configuration=Release' or 'npm run build -- --buildMode production' to produce a release build that does not include 'eval' usage."
"web-avoid-eval","Security","Critical","https://developer.mozilla.org/docs/Web/JavaScript/Reference/Global_Objects/eval","WebResource","/ftdemo_CustomLeadSummary.LeadSummaryControl/bundle.js","1540","","","","","Usage of the JavaScript eval function should be limited where possible.  The eval function can be a dangerous function as it allows strings to be executed as scripts within the context of the caller.  This can be exploited to run malicious code.  Eval is also usually slower than other options due to the lack of optimizations of the script text passed to eval. If this error is reported for a Power Apps component framework code component created using CLI tooling, package your control with 'msbuild /p:configuration=Release' or 'npm run build -- --buildMode production' to produce a release build that does not include 'eval' usage."
"web-avoid-eval","Security","Critical","https://developer.mozilla.org/docs/Web/JavaScript/Reference/Global_Objects/eval","WebResource","/ftdemo_CustomLeadSummary.LeadSummaryControl/bundle.js","1550","","","","","Usage of the JavaScript eval function should be limited where possible.  The eval function can be a dangerous function as it allows strings to be executed as scripts within the context of the caller.  This can be exploited to run malicious code.  Eval is also usually slower than other options due to the lack of optimizations of the script text passed to eval. If this error is reported for a Power Apps component framework code component created using CLI tooling, package your control with 'msbuild /p:configuration=Release' or 'npm run build -- --buildMode production' to produce a release build that does not include 'eval' usage."
"web-avoid-eval","Security","Critical","https://developer.mozilla.org/docs/Web/JavaScript/Reference/Global_Objects/eval","WebResource","/ftdemo_CustomLeadSummary.LeadSummaryControl/bundle.js","1560","","","","","Usage of the JavaScript eval function should be limited where possible.  The eval function can be a dangerous function as it allows strings to be executed as scripts within the context of the caller.  This can be exploited to run malicious code.  Eval is also usually slower than other options due to the lack of optimizations of the script text passed to eval. If this error is reported for a Power Apps component framework code component created using CLI tooling, package your control with 'msbuild /p:configuration=Release' or 'npm run build -- --buildMode production' to produce a release build that does not include 'eval' usage."
"web-avoid-eval","Security","Critical","https://developer.mozilla.org/docs/Web/JavaScript/Reference/Global_Objects/eval","WebResource","/ftdemo_CustomLeadSummary.LeadSummaryControl/bundle.js","1570","","","","","Usage of the JavaScript eval function should be limited where possible.  The eval function can be a dangerous function as it allows strings to be executed as scripts within the context of the caller.  This can be exploited to run malicious code.  Eval is also usually slower than other options due to the lack of optimizations of the script text passed to eval. If this error is reported for a Power Apps component framework code component created using CLI tooling, package your control with 'msbuild /p:configuration=Release' or 'npm run build -- --buildMode production' to produce a release build that does not include 'eval' usage."
"web-avoid-eval","Security","Critical","https://developer.mozilla.org/docs/Web/JavaScript/Reference/Global_Objects/eval","WebResource","/ftdemo_CustomLeadSummary.LeadSummaryControl/bundle.js","1580","","","","","Usage of the JavaScript eval function should be limited where possible.  The eval function can be a dangerous function as it allows strings to be executed as scripts within the context of the caller.  This can be exploited to run malicious code.  Eval is also usually slower than other options due to the lack of optimizations of the script text passed to eval. If this error is reported for a Power Apps component framework code component created using CLI tooling, package your control with 'msbuild /p:configuration=Release' or 'npm run build -- --buildMode production' to produce a release build that does not include 'eval' usage."
"web-avoid-eval","Security","Critical","https://developer.mozilla.org/docs/Web/JavaScript/Reference/Global_Objects/eval","WebResource","/ftdemo_CustomLeadSummary.LeadSummaryControl/bundle.js","1590","","","","","Usage of the JavaScript eval function should be limited where possible.  The eval function can be a dangerous function as it allows strings to be executed as scripts within the context of the caller.  This can be exploited to run malicious code.  Eval is also usually slower than other options due to the lack of optimizations of the script text passed to eval. If this error is reported for a Power Apps component framework code component created using CLI tooling, package your control with 'msbuild /p:configuration=Release' or 'npm run build -- --buildMode production' to produce a release build that does not include 'eval' usage."
"web-avoid-eval","Security","Critical","https://developer.mozilla.org/docs/Web/JavaScript/Reference/Global_Objects/eval","WebResource","/ftdemo_CustomLeadSummary.LeadSummaryControl/bundle.js","1600","","","","","Usage of the JavaScript eval function should be limited where possible.  The eval function can be a dangerous function as it allows strings to be executed as scripts within the context of the caller.  This can be exploited to run malicious code.  Eval is also usually slower than other options due to the lack of optimizations of the script text passed to eval. If this error is reported for a Power Apps component framework code component created using CLI tooling, package your control with 'msbuild /p:configuration=Release' or 'npm run build -- --buildMode production' to produce a release build that does not include 'eval' usage."
"web-avoid-eval","Security","Critical","https://developer.mozilla.org/docs/Web/JavaScript/Reference/Global_Objects/eval","WebResource","/ftdemo_CustomLeadSummary.LeadSummaryControl/bundle.js","1610","","","","","Usage of the JavaScript eval function should be limited where possible.  The eval function can be a dangerous function as it allows strings to be executed as scripts within the context of the caller.  This can be exploited to run malicious code.  Eval is also usually slower than other options due to the lack of optimizations of the script text passed to eval. If this error is reported for a Power Apps component framework code component created using CLI tooling, package your control with 'msbuild /p:configuration=Release' or 'npm run build -- --buildMode production' to produce a release build that does not include 'eval' usage."
"web-avoid-eval","Security","Critical","https://developer.mozilla.org/docs/Web/JavaScript/Reference/Global_Objects/eval","WebResource","/ftdemo_CustomLeadSummary.LeadSummaryControl/bundle.js","1620","","","","","Usage of the JavaScript eval function should be limited where possible.  The eval function can be a dangerous function as it allows strings to be executed as scripts within the context of the caller.  This can be exploited to run malicious code.  Eval is also usually slower than other options due to the lack of optimizations of the script text passed to eval. If this error is reported for a Power Apps component framework code component created using CLI tooling, package your control with 'msbuild /p:configuration=Release' or 'npm run build -- --buildMode production' to produce a release build that does not include 'eval' usage."
"web-avoid-eval","Security","Critical","https://developer.mozilla.org/docs/Web/JavaScript/Reference/Global_Objects/eval","WebResource","/ftdemo_CustomLeadSummary.LeadSummaryControl/bundle.js","1630","","","","","Usage of the JavaScript eval function should be limited where possible.  The eval function can be a dangerous function as it allows strings to be executed as scripts within the context of the caller.  This can be exploited to run malicious code.  Eval is also usually slower than other options due to the lack of optimizations of the script text passed to eval. If this error is reported for a Power Apps component framework code component created using CLI tooling, package your control with 'msbuild /p:configuration=Release' or 'npm run build -- --buildMode production' to produce a release build that does not include 'eval' usage."
"web-avoid-eval","Security","Critical","https://developer.mozilla.org/docs/Web/JavaScript/Reference/Global_Objects/eval","WebResource","/ftdemo_CustomLeadSummary.LeadSummaryControl/bundle.js","1640","","","","","Usage of the JavaScript eval function should be limited where possible.  The eval function can be a dangerous function as it allows strings to be executed as scripts within the context of the caller.  This can be exploited to run malicious code.  Eval is also usually slower than other options due to the lack of optimizations of the script text passed to eval. If this error is reported for a Power Apps component framework code component created using CLI tooling, package your control with 'msbuild /p:configuration=Release' or 'npm run build -- --buildMode production' to produce a release build that does not include 'eval' usage."
"web-avoid-eval","Security","Critical","https://developer.mozilla.org/docs/Web/JavaScript/Reference/Global_Objects/eval","WebResource","/ftdemo_CustomLeadSummary.LeadSummaryControl/bundle.js","1650","","","","","Usage of the JavaScript eval function should be limited where possible.  The eval function can be a dangerous function as it allows strings to be executed as scripts within the context of the caller.  This can be exploited to run malicious code.  Eval is also usually slower than other options due to the lack of optimizations of the script text passed to eval. If this error is reported for a Power Apps component framework code component created using CLI tooling, package your control with 'msbuild /p:configuration=Release' or 'npm run build -- --buildMode production' to produce a release build that does not include 'eval' usage."
"web-avoid-eval","Security","Critical","https://developer.mozilla.org/docs/Web/JavaScript/Reference/Global_Objects/eval","WebResource","/ftdemo_CustomLeadSummary.LeadSummaryControl/bundle.js","1660","","","","","Usage of the JavaScript eval function should be limited where possible.  The eval function can be a dangerous function as it allows strings to be executed as scripts within the context of the caller.  This can be exploited to run malicious code.  Eval is also usually slower than other options due to the lack of optimizations of the script text passed to eval. If this error is reported for a Power Apps component framework code component created using CLI tooling, package your control with 'msbuild /p:configuration=Release' or 'npm run build -- --buildMode production' to produce a release build that does not include 'eval' usage."
"web-avoid-eval","Security","Critical","https://developer.mozilla.org/docs/Web/JavaScript/Reference/Global_Objects/eval","WebResource","/ftdemo_CustomLeadSummary.LeadSummaryControl/bundle.js","1670","","","","","Usage of the JavaScript eval function should be limited where possible.  The eval function can be a dangerous function as it allows strings to be executed as scripts within the context of the caller.  This can be exploited to run malicious code.  Eval is also usually slower than other options due to the lack of optimizations of the script text passed to eval. If this error is reported for a Power Apps component framework code component created using CLI tooling, package your control with 'msbuild /p:configuration=Release' or 'npm run build -- --buildMode production' to produce a release build that does not include 'eval' usage."
"web-avoid-eval","Security","Critical","https://developer.mozilla.org/docs/Web/JavaScript/Reference/Global_Objects/eval","WebResource","/ftdemo_CustomLeadSummary.LeadSummaryControl/bundle.js","1680","","","","","Usage of the JavaScript eval function should be limited where possible.  The eval function can be a dangerous function as it allows strings to be executed as scripts within the context of the caller.  This can be exploited to run malicious code.  Eval is also usually slower than other options due to the lack of optimizations of the script text passed to eval. If this error is reported for a Power Apps component framework code component created using CLI tooling, package your control with 'msbuild /p:configuration=Release' or 'npm run build -- --buildMode production' to produce a release build that does not include 'eval' usage."
"web-avoid-eval","Security","Critical","https://developer.mozilla.org/docs/Web/JavaScript/Reference/Global_Objects/eval","WebResource","/ftdemo_CustomLeadSummary.LeadSummaryControl/bundle.js","1690","","","","","Usage of the JavaScript eval function should be limited where possible.  The eval function can be a dangerous function as it allows strings to be executed as scripts within the context of the caller.  This can be exploited to run malicious code.  Eval is also usually slower than other options due to the lack of optimizations of the script text passed to eval. If this error is reported for a Power Apps component framework code component created using CLI tooling, package your control with 'msbuild /p:configuration=Release' or 'npm run build -- --buildMode production' to produce a release build that does not include 'eval' usage."
"web-avoid-eval","Security","Critical","https://developer.mozilla.org/docs/Web/JavaScript/Reference/Global_Objects/eval","WebResource","/ftdemo_CustomLeadSummary.LeadSummaryControl/bundle.js","1700","","","","","Usage of the JavaScript eval function should be limited where possible.  The eval function can be a dangerous function as it allows strings to be executed as scripts within the context of the caller.  This can be exploited to run malicious code.  Eval is also usually slower than other options due to the lack of optimizations of the script text passed to eval. If this error is reported for a Power Apps component framework code component created using CLI tooling, package your control with 'msbuild /p:configuration=Release' or 'npm run build -- --buildMode production' to produce a release build that does not include 'eval' usage."
"web-avoid-eval","Security","Critical","https://developer.mozilla.org/docs/Web/JavaScript/Reference/Global_Objects/eval","WebResource","/ftdemo_CustomLeadSummary.LeadSummaryControl/bundle.js","1710","","","","","Usage of the JavaScript eval function should be limited where possible.  The eval function can be a dangerous function as it allows strings to be executed as scripts within the context of the caller.  This can be exploited to run malicious code.  Eval is also usually slower than other options due to the lack of optimizations of the script text passed to eval. If this error is reported for a Power Apps component framework code component created using CLI tooling, package your control with 'msbuild /p:configuration=Release' or 'npm run build -- --buildMode production' to produce a release build that does not include 'eval' usage."
"web-avoid-eval","Security","Critical","https://developer.mozilla.org/docs/Web/JavaScript/Reference/Global_Objects/eval","WebResource","/ftdemo_CustomLeadSummary.LeadSummaryControl/bundle.js","1720","","","","","Usage of the JavaScript eval function should be limited where possible.  The eval function can be a dangerous function as it allows strings to be executed as scripts within the context of the caller.  This can be exploited to run malicious code.  Eval is also usually slower than other options due to the lack of optimizations of the script text passed to eval. If this error is reported for a Power Apps component framework code component created using CLI tooling, package your control with 'msbuild /p:configuration=Release' or 'npm run build -- --buildMode production' to produce a release build that does not include 'eval' usage."
"web-avoid-eval","Security","Critical","https://developer.mozilla.org/docs/Web/JavaScript/Reference/Global_Objects/eval","WebResource","/ftdemo_CustomLeadSummary.LeadSummaryControl/bundle.js","1730","","","","","Usage of the JavaScript eval function should be limited where possible.  The eval function can be a dangerous function as it allows strings to be executed as scripts within the context of the caller.  This can be exploited to run malicious code.  Eval is also usually slower than other options due to the lack of optimizations of the script text passed to eval. If this error is reported for a Power Apps component framework code component created using CLI tooling, package your control with 'msbuild /p:configuration=Release' or 'npm run build -- --buildMode production' to produce a release build that does not include 'eval' usage."
"web-avoid-eval","Security","Critical","https://developer.mozilla.org/docs/Web/JavaScript/Reference/Global_Objects/eval","WebResource","/ftdemo_CustomLeadSummary.LeadSummaryControl/bundle.js","1740","","","","","Usage of the JavaScript eval function should be limited where possible.  The eval function can be a dangerous function as it allows strings to be executed as scripts within the context of the caller.  This can be exploited to run malicious code.  Eval is also usually slower than other options due to the lack of optimizations of the script text passed to eval. If this error is reported for a Power Apps component framework code component created using CLI tooling, package your control with 'msbuild /p:configuration=Release' or 'npm run build -- --buildMode production' to produce a release build that does not include 'eval' usage."
"web-avoid-eval","Security","Critical","https://developer.mozilla.org/docs/Web/JavaScript/Reference/Global_Objects/eval","WebResource","/ftdemo_CustomLeadSummary.LeadSummaryControl/bundle.js","1750","","","","","Usage of the JavaScript eval function should be limited where possible.  The eval function can be a dangerous function as it allows strings to be executed as scripts within the context of the caller.  This can be exploited to run malicious code.  Eval is also usually slower than other options due to the lack of optimizations of the script text passed to eval. If this error is reported for a Power Apps component framework code component created using CLI tooling, package your control with 'msbuild /p:configuration=Release' or 'npm run build -- --buildMode production' to produce a release build that does not include 'eval' usage."
"web-avoid-eval","Security","Critical","https://developer.mozilla.org/docs/Web/JavaScript/Reference/Global_Objects/eval","WebResource","/ftdemo_CustomLeadSummary.LeadSummaryControl/bundle.js","1760","","","","","Usage of the JavaScript eval function should be limited where possible.  The eval function can be a dangerous function as it allows strings to be executed as scripts within the context of the caller.  This can be exploited to run malicious code.  Eval is also usually slower than other options due to the lack of optimizations of the script text passed to eval. If this error is reported for a Power Apps component framework code component created using CLI tooling, package your control with 'msbuild /p:configuration=Release' or 'npm run build -- --buildMode production' to produce a release build that does not include 'eval' usage."
"web-avoid-eval","Security","Critical","https://developer.mozilla.org/docs/Web/JavaScript/Reference/Global_Objects/eval","WebResource","/ftdemo_CustomLeadSummary.LeadSummaryControl/bundle.js","1770","","","","","Usage of the JavaScript eval function should be limited where possible.  The eval function can be a dangerous function as it allows strings to be executed as scripts within the context of the caller.  This can be exploited to run malicious code.  Eval is also usually slower than other options due to the lack of optimizations of the script text passed to eval. If this error is reported for a Power Apps component framework code component created using CLI tooling, package your control with 'msbuild /p:configuration=Release' or 'npm run build -- --buildMode production' to produce a release build that does not include 'eval' usage."
"web-avoid-eval","Security","Critical","https://developer.mozilla.org/docs/Web/JavaScript/Reference/Global_Objects/eval","WebResource","/ftdemo_CustomLeadSummary.LeadSummaryControl/bundle.js","1780","","","","","Usage of the JavaScript eval function should be limited where possible.  The eval function can be a dangerous function as it allows strings to be executed as scripts within the context of the caller.  This can be exploited to run malicious code.  Eval is also usually slower than other options due to the lack of optimizations of the script text passed to eval. If this error is reported for a Power Apps component framework code component created using CLI tooling, package your control with 'msbuild /p:configuration=Release' or 'npm run build -- --buildMode production' to produce a release build that does not include 'eval' usage."
"web-avoid-eval","Security","Critical","https://developer.mozilla.org/docs/Web/JavaScript/Reference/Global_Objects/eval","WebResource","/ftdemo_CustomLeadSummary.LeadSummaryControl/bundle.js","1790","","","","","Usage of the JavaScript eval function should be limited where possible.  The eval function can be a dangerous function as it allows strings to be executed as scripts within the context of the caller.  This can be exploited to run malicious code.  Eval is also usually slower than other options due to the lack of optimizations of the script text passed to eval. If this error is reported for a Power Apps component framework code component created using CLI tooling, package your control with 'msbuild /p:configuration=Release' or 'npm run build -- --buildMode production' to produce a release build that does not include 'eval' usage."
"web-avoid-eval","Security","Critical","https://developer.mozilla.org/docs/Web/JavaScript/Reference/Global_Objects/eval","WebResource","/ftdemo_CustomLeadSummary.LeadSummaryControl/bundle.js","1800","","","","","Usage of the JavaScript eval function should be limited where possible.  The eval function can be a dangerous function as it allows strings to be executed as scripts within the context of the caller.  This can be exploited to run malicious code.  Eval is also usually slower than other options due to the lack of optimizations of the script text passed to eval. If this error is reported for a Power Apps component framework code component created using CLI tooling, package your control with 'msbuild /p:configuration=Release' or 'npm run build -- --buildMode production' to produce a release build that does not include 'eval' usage."
"web-avoid-eval","Security","Critical","https://developer.mozilla.org/docs/Web/JavaScript/Reference/Global_Objects/eval","WebResource","/ftdemo_CustomLeadSummary.LeadSummaryControl/bundle.js","1810","","","","","Usage of the JavaScript eval function should be limited where possible.  The eval function can be a dangerous function as it allows strings to be executed as scripts within the context of the caller.  This can be exploited to run malicious code.  Eval is also usually slower than other options due to the lack of optimizations of the script text passed to eval. If this error is reported for a Power Apps component framework code component created using CLI tooling, package your control with 'msbuild /p:configuration=Release' or 'npm run build -- --buildMode production' to produce a release build that does not include 'eval' usage."
"web-avoid-eval","Security","Critical","https://developer.mozilla.org/docs/Web/JavaScript/Reference/Global_Objects/eval","WebResource","/ftdemo_CustomLeadSummary.LeadSummaryControl/bundle.js","1820","","","","","Usage of the JavaScript eval function should be limited where possible.  The eval function can be a dangerous function as it allows strings to be executed as scripts within the context of the caller.  This can be exploited to run malicious code.  Eval is also usually slower than other options due to the lack of optimizations of the script text passed to eval. If this error is reported for a Power Apps component framework code component created using CLI tooling, package your control with 'msbuild /p:configuration=Release' or 'npm run build -- --buildMode production' to produce a release build that does not include 'eval' usage."
"web-avoid-eval","Security","Critical","https://developer.mozilla.org/docs/Web/JavaScript/Reference/Global_Objects/eval","WebResource","/ftdemo_CustomLeadSummary.LeadSummaryControl/bundle.js","1830","","","","","Usage of the JavaScript eval function should be limited where possible.  The eval function can be a dangerous function as it allows strings to be executed as scripts within the context of the caller.  This can be exploited to run malicious code.  Eval is also usually slower than other options due to the lack of optimizations of the script text passed to eval. If this error is reported for a Power Apps component framework code component created using CLI tooling, package your control with 'msbuild /p:configuration=Release' or 'npm run build -- --buildMode production' to produce a release build that does not include 'eval' usage."
"web-avoid-eval","Security","Critical","https://developer.mozilla.org/docs/Web/JavaScript/Reference/Global_Objects/eval","WebResource","/ftdemo_CustomLeadSummary.LeadSummaryControl/bundle.js","1840","","","","","Usage of the JavaScript eval function should be limited where possible.  The eval function can be a dangerous function as it allows strings to be executed as scripts within the context of the caller.  This can be exploited to run malicious code.  Eval is also usually slower than other options due to the lack of optimizations of the script text passed to eval. If this error is reported for a Power Apps component framework code component created using CLI tooling, package your control with 'msbuild /p:configuration=Release' or 'npm run build -- --buildMode production' to produce a release build that does not include 'eval' usage."
"web-avoid-eval","Security","Critical","https://developer.mozilla.org/docs/Web/JavaScript/Reference/Global_Objects/eval","WebResource","/ftdemo_CustomLeadSummary.LeadSummaryControl/bundle.js","1850","","","","","Usage of the JavaScript eval function should be limited where possible.  The eval function can be a dangerous function as it allows strings to be executed as scripts within the context of the caller.  This can be exploited to run malicious code.  Eval is also usually slower than other options due to the lack of optimizations of the script text passed to eval. If this error is reported for a Power Apps component framework code component created using CLI tooling, package your control with 'msbuild /p:configuration=Release' or 'npm run build -- --buildMode production' to produce a release build that does not include 'eval' usage."
"web-avoid-eval","Security","Critical","https://developer.mozilla.org/docs/Web/JavaScript/Reference/Global_Objects/eval","WebResource","/ftdemo_CustomLeadSummary.LeadSummaryControl/bundle.js","1860","","","","","Usage of the JavaScript eval function should be limited where possible.  The eval function can be a dangerous function as it allows strings to be executed as scripts within the context of the caller.  This can be exploited to run malicious code.  Eval is also usually slower than other options due to the lack of optimizations of the script text passed to eval. If this error is reported for a Power Apps component framework code component created using CLI tooling, package your control with 'msbuild /p:configuration=Release' or 'npm run build -- --buildMode production' to produce a release build that does not include 'eval' usage."
"web-avoid-eval","Security","Critical","https://developer.mozilla.org/docs/Web/JavaScript/Reference/Global_Objects/eval","WebResource","/ftdemo_CustomLeadSummary.LeadSummaryControl/bundle.js","1870","","","","","Usage of the JavaScript eval function should be limited where possible.  The eval function can be a dangerous function as it allows strings to be executed as scripts within the context of the caller.  This can be exploited to run malicious code.  Eval is also usually slower than other options due to the lack of optimizations of the script text passed to eval. If this error is reported for a Power Apps component framework code component created using CLI tooling, package your control with 'msbuild /p:configuration=Release' or 'npm run build -- --buildMode production' to produce a release build that does not include 'eval' usage."
"web-avoid-eval","Security","Critical","https://developer.mozilla.org/docs/Web/JavaScript/Reference/Global_Objects/eval","WebResource","/ftdemo_CustomLeadSummary.LeadSummaryControl/bundle.js","1880","","","","","Usage of the JavaScript eval function should be limited where possible.  The eval function can be a dangerous function as it allows strings to be executed as scripts within the context of the caller.  This can be exploited to run malicious code.  Eval is also usually slower than other options due to the lack of optimizations of the script text passed to eval. If this error is reported for a Power Apps component framework code component created using CLI tooling, package your control with 'msbuild /p:configuration=Release' or 'npm run build -- --buildMode production' to produce a release build that does not include 'eval' usage."
"web-avoid-eval","Security","Critical","https://developer.mozilla.org/docs/Web/JavaScript/Reference/Global_Objects/eval","WebResource","/ftdemo_CustomLeadSummary.LeadSummaryControl/bundle.js","1890","","","","","Usage of the JavaScript eval function should be limited where possible.  The eval function can be a dangerous function as it allows strings to be executed as scripts within the context of the caller.  This can be exploited to run malicious code.  Eval is also usually slower than other options due to the lack of optimizations of the script text passed to eval. If this error is reported for a Power Apps component framework code component created using CLI tooling, package your control with 'msbuild /p:configuration=Release' or 'npm run build -- --buildMode production' to produce a release build that does not include 'eval' usage."
"web-avoid-eval","Security","Critical","https://developer.mozilla.org/docs/Web/JavaScript/Reference/Global_Objects/eval","WebResource","/ftdemo_CustomLeadSummary.LeadSummaryControl/bundle.js","1900","","","","","Usage of the JavaScript eval function should be limited where possible.  The eval function can be a dangerous function as it allows strings to be executed as scripts within the context of the caller.  This can be exploited to run malicious code.  Eval is also usually slower than other options due to the lack of optimizations of the script text passed to eval. If this error is reported for a Power Apps component framework code component created using CLI tooling, package your control with 'msbuild /p:configuration=Release' or 'npm run build -- --buildMode production' to produce a release build that does not include 'eval' usage."
"web-avoid-eval","Security","Critical","https://developer.mozilla.org/docs/Web/JavaScript/Reference/Global_Objects/eval","WebResource","/ftdemo_CustomLeadSummary.LeadSummaryControl/bundle.js","1910","","","","","Usage of the JavaScript eval function should be limited where possible.  The eval function can be a dangerous function as it allows strings to be executed as scripts within the context of the caller.  This can be exploited to run malicious code.  Eval is also usually slower than other options due to the lack of optimizations of the script text passed to eval. If this error is reported for a Power Apps component framework code component created using CLI tooling, package your control with 'msbuild /p:configuration=Release' or 'npm run build -- --buildMode production' to produce a release build that does not include 'eval' usage."
"web-avoid-eval","Security","Critical","https://developer.mozilla.org/docs/Web/JavaScript/Reference/Global_Objects/eval","WebResource","/ftdemo_CustomLeadSummary.LeadSummaryControl/bundle.js","1920","","","","","Usage of the JavaScript eval function should be limited where possible.  The eval function can be a dangerous function as it allows strings to be executed as scripts within the context of the caller.  This can be exploited to run malicious code.  Eval is also usually slower than other options due to the lack of optimizations of the script text passed to eval. If this error is reported for a Power Apps component framework code component created using CLI tooling, package your control with 'msbuild /p:configuration=Release' or 'npm run build -- --buildMode production' to produce a release build that does not include 'eval' usage."
"web-avoid-eval","Security","Critical","https://developer.mozilla.org/docs/Web/JavaScript/Reference/Global_Objects/eval","WebResource","/ftdemo_CustomLeadSummary.LeadSummaryControl/bundle.js","1930","","","","","Usage of the JavaScript eval function should be limited where possible.  The eval function can be a dangerous function as it allows strings to be executed as scripts within the context of the caller.  This can be exploited to run malicious code.  Eval is also usually slower than other options due to the lack of optimizations of the script text passed to eval. If this error is reported for a Power Apps component framework code component created using CLI tooling, package your control with 'msbuild /p:configuration=Release' or 'npm run build -- --buildMode production' to produce a release build that does not include 'eval' usage."
"web-avoid-eval","Security","Critical","https://developer.mozilla.org/docs/Web/JavaScript/Reference/Global_Objects/eval","WebResource","/ftdemo_CustomLeadSummary.LeadSummaryControl/bundle.js","1940","","","","","Usage of the JavaScript eval function should be limited where possible.  The eval function can be a dangerous function as it allows strings to be executed as scripts within the context of the caller.  This can be exploited to run malicious code.  Eval is also usually slower than other options due to the lack of optimizations of the script text passed to eval. If this error is reported for a Power Apps component framework code component created using CLI tooling, package your control with 'msbuild /p:configuration=Release' or 'npm run build -- --buildMode production' to produce a release build that does not include 'eval' usage."
"web-avoid-eval","Security","Critical","https://developer.mozilla.org/docs/Web/JavaScript/Reference/Global_Objects/eval","WebResource","/ftdemo_CustomLeadSummary.LeadSummaryControl/bundle.js","1950","","","","","Usage of the JavaScript eval function should be limited where possible.  The eval function can be a dangerous function as it allows strings to be executed as scripts within the context of the caller.  This can be exploited to run malicious code.  Eval is also usually slower than other options due to the lack of optimizations of the script text passed to eval. If this error is reported for a Power Apps component framework code component created using CLI tooling, package your control with 'msbuild /p:configuration=Release' or 'npm run build -- --buildMode production' to produce a release build that does not include 'eval' usage."
"web-avoid-eval","Security","Critical","https://developer.mozilla.org/docs/Web/JavaScript/Reference/Global_Objects/eval","WebResource","/ftdemo_CustomLeadSummary.LeadSummaryControl/bundle.js","1960","","","","","Usage of the JavaScript eval function should be limited where possible.  The eval function can be a dangerous function as it allows strings to be executed as scripts within the context of the caller.  This can be exploited to run malicious code.  Eval is also usually slower than other options due to the lack of optimizations of the script text passed to eval. If this error is reported for a Power Apps component framework code component created using CLI tooling, package your control with 'msbuild /p:configuration=Release' or 'npm run build -- --buildMode production' to produce a release build that does not include 'eval' usage."
"web-avoid-eval","Security","Critical","https://developer.mozilla.org/docs/Web/JavaScript/Reference/Global_Objects/eval","WebResource","/ftdemo_CustomLeadSummary.LeadSummaryControl/bundle.js","1970","","","","","Usage of the JavaScript eval function should be limited where possible.  The eval function can be a dangerous function as it allows strings to be executed as scripts within the context of the caller.  This can be exploited to run malicious code.  Eval is also usually slower than other options due to the lack of optimizations of the script text passed to eval. If this error is reported for a Power Apps component framework code component created using CLI tooling, package your control with 'msbuild /p:configuration=Release' or 'npm run build -- --buildMode production' to produce a release build that does not include 'eval' usage."
"web-avoid-eval","Security","Critical","https://developer.mozilla.org/docs/Web/JavaScript/Reference/Global_Objects/eval","WebResource","/ftdemo_CustomLeadSummary.LeadSummaryControl/bundle.js","1980","","","","","Usage of the JavaScript eval function should be limited where possible.  The eval function can be a dangerous function as it allows strings to be executed as scripts within the context of the caller.  This can be exploited to run malicious code.  Eval is also usually slower than other options due to the lack of optimizations of the script text passed to eval. If this error is reported for a Power Apps component framework code component created using CLI tooling, package your control with 'msbuild /p:configuration=Release' or 'npm run build -- --buildMode production' to produce a release build that does not include 'eval' usage."
"web-avoid-eval","Security","Critical","https://developer.mozilla.org/docs/Web/JavaScript/Reference/Global_Objects/eval","WebResource","/ftdemo_CustomLeadSummary.LeadSummaryControl/bundle.js","1990","","","","","Usage of the JavaScript eval function should be limited where possible.  The eval function can be a dangerous function as it allows strings to be executed as scripts within the context of the caller.  This can be exploited to run malicious code.  Eval is also usually slower than other options due to the lack of optimizations of the script text passed to eval. If this error is reported for a Power Apps component framework code component created using CLI tooling, package your control with 'msbuild /p:configuration=Release' or 'npm run build -- --buildMode production' to produce a release build that does not include 'eval' usage."
"web-avoid-eval","Security","Critical","https://developer.mozilla.org/docs/Web/JavaScript/Reference/Global_Objects/eval","WebResource","/ftdemo_CustomLeadSummary.LeadSummaryControl/bundle.js","2000","","","","","Usage of the JavaScript eval function should be limited where possible.  The eval function can be a dangerous function as it allows strings to be executed as scripts within the context of the caller.  This can be exploited to run malicious code.  Eval is also usually slower than other options due to the lack of optimizations of the script text passed to eval. If this error is reported for a Power Apps component framework code component created using CLI tooling, package your control with 'msbuild /p:configuration=Release' or 'npm run build -- --buildMode production' to produce a release build that does not include 'eval' usage."
"web-avoid-eval","Security","Critical","https://developer.mozilla.org/docs/Web/JavaScript/Reference/Global_Objects/eval","WebResource","/ftdemo_CustomLeadSummary.LeadSummaryControl/bundle.js","2010","","","","","Usage of the JavaScript eval function should be limited where possible.  The eval function can be a dangerous function as it allows strings to be executed as scripts within the context of the caller.  This can be exploited to run malicious code.  Eval is also usually slower than other options due to the lack of optimizations of the script text passed to eval. If this error is reported for a Power Apps component framework code component created using CLI tooling, package your control with 'msbuild /p:configuration=Release' or 'npm run build -- --buildMode production' to produce a release build that does not include 'eval' usage."
"web-avoid-eval","Security","Critical","https://developer.mozilla.org/docs/Web/JavaScript/Reference/Global_Objects/eval","WebResource","/ftdemo_CustomLeadSummary.LeadSummaryControl/bundle.js","2020","","","","","Usage of the JavaScript eval function should be limited where possible.  The eval function can be a dangerous function as it allows strings to be executed as scripts within the context of the caller.  This can be exploited to run malicious code.  Eval is also usually slower than other options due to the lack of optimizations of the script text passed to eval. If this error is reported for a Power Apps component framework code component created using CLI tooling, package your control with 'msbuild /p:configuration=Release' or 'npm run build -- --buildMode production' to produce a release build that does not include 'eval' usage."
"web-avoid-eval","Security","Critical","https://developer.mozilla.org/docs/Web/JavaScript/Reference/Global_Objects/eval","WebResource","/ftdemo_CustomLeadSummary.LeadSummaryControl/bundle.js","2030","","","","","Usage of the JavaScript eval function should be limited where possible.  The eval function can be a dangerous function as it allows strings to be executed as scripts within the context of the caller.  This can be exploited to run malicious code.  Eval is also usually slower than other options due to the lack of optimizations of the script text passed to eval. If this error is reported for a Power Apps component framework code component created using CLI tooling, package your control with 'msbuild /p:configuration=Release' or 'npm run build -- --buildMode production' to produce a release build that does not include 'eval' usage."
"web-avoid-eval","Security","Critical","https://developer.mozilla.org/docs/Web/JavaScript/Reference/Global_Objects/eval","WebResource","/ftdemo_CustomLeadSummary.LeadSummaryControl/bundle.js","2040","","","","","Usage of the JavaScript eval function should be limited where possible.  The eval function can be a dangerous function as it allows strings to be executed as scripts within the context of the caller.  This can be exploited to run malicious code.  Eval is also usually slower than other options due to the lack of optimizations of the script text passed to eval. If this error is reported for a Power Apps component framework code component created using CLI tooling, package your control with 'msbuild /p:configuration=Release' or 'npm run build -- --buildMode production' to produce a release build that does not include 'eval' usage."
"web-avoid-eval","Security","Critical","https://developer.mozilla.org/docs/Web/JavaScript/Reference/Global_Objects/eval","WebResource","/ftdemo_CustomLeadSummary.LeadSummaryControl/bundle.js","2050","","","","","Usage of the JavaScript eval function should be limited where possible.  The eval function can be a dangerous function as it allows strings to be executed as scripts within the context of the caller.  This can be exploited to run malicious code.  Eval is also usually slower than other options due to the lack of optimizations of the script text passed to eval. If this error is reported for a Power Apps component framework code component created using CLI tooling, package your control with 'msbuild /p:configuration=Release' or 'npm run build -- --buildMode production' to produce a release build that does not include 'eval' usage."
"web-avoid-eval","Security","Critical","https://developer.mozilla.org/docs/Web/JavaScript/Reference/Global_Objects/eval","WebResource","/ftdemo_CustomLeadSummary.LeadSummaryControl/bundle.js","2060","","","","","Usage of the JavaScript eval function should be limited where possible.  The eval function can be a dangerous function as it allows strings to be executed as scripts within the context of the caller.  This can be exploited to run malicious code.  Eval is also usually slower than other options due to the lack of optimizations of the script text passed to eval. If this error is reported for a Power Apps component framework code component created using CLI tooling, package your control with 'msbuild /p:configuration=Release' or 'npm run build -- --buildMode production' to produce a release build that does not include 'eval' usage."
"web-avoid-eval","Security","Critical","https://developer.mozilla.org/docs/Web/JavaScript/Reference/Global_Objects/eval","WebResource","/ftdemo_CustomLeadSummary.LeadSummaryControl/bundle.js","2070","","","","","Usage of the JavaScript eval function should be limited where possible.  The eval function can be a dangerous function as it allows strings to be executed as scripts within the context of the caller.  This can be exploited to run malicious code.  Eval is also usually slower than other options due to the lack of optimizations of the script text passed to eval. If this error is reported for a Power Apps component framework code component created using CLI tooling, package your control with 'msbuild /p:configuration=Release' or 'npm run build -- --buildMode production' to produce a release build that does not include 'eval' usage."
"web-avoid-eval","Security","Critical","https://developer.mozilla.org/docs/Web/JavaScript/Reference/Global_Objects/eval","WebResource","/ftdemo_CustomLeadSummary.LeadSummaryControl/bundle.js","2080","","","","","Usage of the JavaScript eval function should be limited where possible.  The eval function can be a dangerous function as it allows strings to be executed as scripts within the context of the caller.  This can be exploited to run malicious code.  Eval is also usually slower than other options due to the lack of optimizations of the script text passed to eval. If this error is reported for a Power Apps component framework code component created using CLI tooling, package your control with 'msbuild /p:configuration=Release' or 'npm run build -- --buildMode production' to produce a release build that does not include 'eval' usage."
"web-avoid-eval","Security","Critical","https://developer.mozilla.org/docs/Web/JavaScript/Reference/Global_Objects/eval","WebResource","/ftdemo_CustomLeadSummary.LeadSummaryControl/bundle.js","2090","","","","","Usage of the JavaScript eval function should be limited where possible.  The eval function can be a dangerous function as it allows strings to be executed as scripts within the context of the caller.  This can be exploited to run malicious code.  Eval is also usually slower than other options due to the lack of optimizations of the script text passed to eval. If this error is reported for a Power Apps component framework code component created using CLI tooling, package your control with 'msbuild /p:configuration=Release' or 'npm run build -- --buildMode production' to produce a release build that does not include 'eval' usage."
"web-avoid-eval","Security","Critical","https://developer.mozilla.org/docs/Web/JavaScript/Reference/Global_Objects/eval","WebResource","/ftdemo_CustomLeadSummary.LeadSummaryControl/bundle.js","2100","","","","","Usage of the JavaScript eval function should be limited where possible.  The eval function can be a dangerous function as it allows strings to be executed as scripts within the context of the caller.  This can be exploited to run malicious code.  Eval is also usually slower than other options due to the lack of optimizations of the script text passed to eval. If this error is reported for a Power Apps component framework code component created using CLI tooling, package your control with 'msbuild /p:configuration=Release' or 'npm run build -- --buildMode production' to produce a release build that does not include 'eval' usage."
"web-avoid-eval","Security","Critical","https://developer.mozilla.org/docs/Web/JavaScript/Reference/Global_Objects/eval","WebResource","/ftdemo_CustomLeadSummary.LeadSummaryControl/bundle.js","2110","","","","","Usage of the JavaScript eval function should be limited where possible.  The eval function can be a dangerous function as it allows strings to be executed as scripts within the context of the caller.  This can be exploited to run malicious code.  Eval is also usually slower than other options due to the lack of optimizations of the script text passed to eval. If this error is reported for a Power Apps component framework code component created using CLI tooling, package your control with 'msbuild /p:configuration=Release' or 'npm run build -- --buildMode production' to produce a release build that does not include 'eval' usage."
"web-avoid-eval","Security","Critical","https://developer.mozilla.org/docs/Web/JavaScript/Reference/Global_Objects/eval","WebResource","/ftdemo_CustomLeadSummary.LeadSummaryControl/bundle.js","2120","","","","","Usage of the JavaScript eval function should be limited where possible.  The eval function can be a dangerous function as it allows strings to be executed as scripts within the context of the caller.  This can be exploited to run malicious code.  Eval is also usually slower than other options due to the lack of optimizations of the script text passed to eval. If this error is reported for a Power Apps component framework code component created using CLI tooling, package your control with 'msbuild /p:configuration=Release' or 'npm run build -- --buildMode production' to produce a release build that does not include 'eval' usage."
"web-avoid-eval","Security","Critical","https://developer.mozilla.org/docs/Web/JavaScript/Reference/Global_Objects/eval","WebResource","/ftdemo_CustomLeadSummary.LeadSummaryControl/bundle.js","2130","","","","","Usage of the JavaScript eval function should be limited where possible.  The eval function can be a dangerous function as it allows strings to be executed as scripts within the context of the caller.  This can be exploited to run malicious code.  Eval is also usually slower than other options due to the lack of optimizations of the script text passed to eval. If this error is reported for a Power Apps component framework code component created using CLI tooling, package your control with 'msbuild /p:configuration=Release' or 'npm run build -- --buildMode production' to produce a release build that does not include 'eval' usage."
"web-avoid-eval","Security","Critical","https://developer.mozilla.org/docs/Web/JavaScript/Reference/Global_Objects/eval","WebResource","/ftdemo_CustomLeadSummary.LeadSummaryControl/bundle.js","2140","","","","","Usage of the JavaScript eval function should be limited where possible.  The eval function can be a dangerous function as it allows strings to be executed as scripts within the context of the caller.  This can be exploited to run malicious code.  Eval is also usually slower than other options due to the lack of optimizations of the script text passed to eval. If this error is reported for a Power Apps component framework code component created using CLI tooling, package your control with 'msbuild /p:configuration=Release' or 'npm run build -- --buildMode production' to produce a release build that does not include 'eval' usage."
"web-avoid-eval","Security","Critical","https://developer.mozilla.org/docs/Web/JavaScript/Reference/Global_Objects/eval","WebResource","/ftdemo_CustomLeadSummary.LeadSummaryControl/bundle.js","2150","","","","","Usage of the JavaScript eval function should be limited where possible.  The eval function can be a dangerous function as it allows strings to be executed as scripts within the context of the caller.  This can be exploited to run malicious code.  Eval is also usually slower than other options due to the lack of optimizations of the script text passed to eval. If this error is reported for a Power Apps component framework code component created using CLI tooling, package your control with 'msbuild /p:configuration=Release' or 'npm run build -- --buildMode production' to produce a release build that does not include 'eval' usage."
"web-avoid-eval","Security","Critical","https://developer.mozilla.org/docs/Web/JavaScript/Reference/Global_Objects/eval","WebResource","/ftdemo_CustomLeadSummary.LeadSummaryControl/bundle.js","2160","","","","","Usage of the JavaScript eval function should be limited where possible.  The eval function can be a dangerous function as it allows strings to be executed as scripts within the context of the caller.  This can be exploited to run malicious code.  Eval is also usually slower than other options due to the lack of optimizations of the script text passed to eval. If this error is reported for a Power Apps component framework code component created using CLI tooling, package your control with 'msbuild /p:configuration=Release' or 'npm run build -- --buildMode production' to produce a release build that does not include 'eval' usage."
"web-avoid-eval","Security","Critical","https://developer.mozilla.org/docs/Web/JavaScript/Reference/Global_Objects/eval","WebResource","/ftdemo_CustomLeadSummary.LeadSummaryControl/bundle.js","2170","","","","","Usage of the JavaScript eval function should be limited where possible.  The eval function can be a dangerous function as it allows strings to be executed as scripts within the context of the caller.  This can be exploited to run malicious code.  Eval is also usually slower than other options due to the lack of optimizations of the script text passed to eval. If this error is reported for a Power Apps component framework code component created using CLI tooling, package your control with 'msbuild /p:configuration=Release' or 'npm run build -- --buildMode production' to produce a release build that does not include 'eval' usage."
"web-avoid-eval","Security","Critical","https://developer.mozilla.org/docs/Web/JavaScript/Reference/Global_Objects/eval","WebResource","/ftdemo_CustomLeadSummary.LeadSummaryControl/bundle.js","2180","","","","","Usage of the JavaScript eval function should be limited where possible.  The eval function can be a dangerous function as it allows strings to be executed as scripts within the context of the caller.  This can be exploited to run malicious code.  Eval is also usually slower than other options due to the lack of optimizations of the script text passed to eval. If this error is reported for a Power Apps component framework code component created using CLI tooling, package your control with 'msbuild /p:configuration=Release' or 'npm run build -- --buildMode production' to produce a release build that does not include 'eval' usage."
"web-avoid-eval","Security","Critical","https://developer.mozilla.org/docs/Web/JavaScript/Reference/Global_Objects/eval","WebResource","/ftdemo_CustomLeadSummary.LeadSummaryControl/bundle.js","2190","","","","","Usage of the JavaScript eval function should be limited where possible.  The eval function can be a dangerous function as it allows strings to be executed as scripts within the context of the caller.  This can be exploited to run malicious code.  Eval is also usually slower than other options due to the lack of optimizations of the script text passed to eval. If this error is reported for a Power Apps component framework code component created using CLI tooling, package your control with 'msbuild /p:configuration=Release' or 'npm run build -- --buildMode production' to produce a release build that does not include 'eval' usage."
"web-avoid-eval","Security","Critical","https://developer.mozilla.org/docs/Web/JavaScript/Reference/Global_Objects/eval","WebResource","/ftdemo_CustomLeadSummary.LeadSummaryControl/bundle.js","2200","","","","","Usage of the JavaScript eval function should be limited where possible.  The eval function can be a dangerous function as it allows strings to be executed as scripts within the context of the caller.  This can be exploited to run malicious code.  Eval is also usually slower than other options due to the lack of optimizations of the script text passed to eval. If this error is reported for a Power Apps component framework code component created using CLI tooling, package your control with 'msbuild /p:configuration=Release' or 'npm run build -- --buildMode production' to produce a release build that does not include 'eval' usage."
"web-avoid-eval","Security","Critical","https://developer.mozilla.org/docs/Web/JavaScript/Reference/Global_Objects/eval","WebResource","/ftdemo_CustomLeadSummary.LeadSummaryControl/bundle.js","2210","","","","","Usage of the JavaScript eval function should be limited where possible.  The eval function can be a dangerous function as it allows strings to be executed as scripts within the context of the caller.  This can be exploited to run malicious code.  Eval is also usually slower than other options due to the lack of optimizations of the script text passed to eval. If this error is reported for a Power Apps component framework code component created using CLI tooling, package your control with 'msbuild /p:configuration=Release' or 'npm run build -- --buildMode production' to produce a release build that does not include 'eval' usage."
"web-avoid-eval","Security","Critical","https://developer.mozilla.org/docs/Web/JavaScript/Reference/Global_Objects/eval","WebResource","/ftdemo_CustomLeadSummary.LeadSummaryControl/bundle.js","2220","","","","","Usage of the JavaScript eval function should be limited where possible.  The eval function can be a dangerous function as it allows strings to be executed as scripts within the context of the caller.  This can be exploited to run malicious code.  Eval is also usually slower than other options due to the lack of optimizations of the script text passed to eval. If this error is reported for a Power Apps component framework code component created using CLI tooling, package your control with 'msbuild /p:configuration=Release' or 'npm run build -- --buildMode production' to produce a release build that does not include 'eval' usage."
"web-avoid-eval","Security","Critical","https://developer.mozilla.org/docs/Web/JavaScript/Reference/Global_Objects/eval","WebResource","/ftdemo_CustomLeadSummary.LeadSummaryControl/bundle.js","2230","","","","","Usage of the JavaScript eval function should be limited where possible.  The eval function can be a dangerous function as it allows strings to be executed as scripts within the context of the caller.  This can be exploited to run malicious code.  Eval is also usually slower than other options due to the lack of optimizations of the script text passed to eval. If this error is reported for a Power Apps component framework code component created using CLI tooling, package your control with 'msbuild /p:configuration=Release' or 'npm run build -- --buildMode production' to produce a release build that does not include 'eval' usage."
"web-avoid-eval","Security","Critical","https://developer.mozilla.org/docs/Web/JavaScript/Reference/Global_Objects/eval","WebResource","/ftdemo_CustomLeadSummary.LeadSummaryControl/bundle.js","2240","","","","","Usage of the JavaScript eval function should be limited where possible.  The eval function can be a dangerous function as it allows strings to be executed as scripts within the context of the caller.  This can be exploited to run malicious code.  Eval is also usually slower than other options due to the lack of optimizations of the script text passed to eval. If this error is reported for a Power Apps component framework code component created using CLI tooling, package your control with 'msbuild /p:configuration=Release' or 'npm run build -- --buildMode production' to produce a release build that does not include 'eval' usage."
"web-avoid-eval","Security","Critical","https://developer.mozilla.org/docs/Web/JavaScript/Reference/Global_Objects/eval","WebResource","/ftdemo_CustomLeadSummary.LeadSummaryControl/bundle.js","2250","","","","","Usage of the JavaScript eval function should be limited where possible.  The eval function can be a dangerous function as it allows strings to be executed as scripts within the context of the caller.  This can be exploited to run malicious code.  Eval is also usually slower than other options due to the lack of optimizations of the script text passed to eval. If this error is reported for a Power Apps component framework code component created using CLI tooling, package your control with 'msbuild /p:configuration=Release' or 'npm run build -- --buildMode production' to produce a release build that does not include 'eval' usage."
"web-avoid-eval","Security","Critical","https://developer.mozilla.org/docs/Web/JavaScript/Reference/Global_Objects/eval","WebResource","/ftdemo_CustomLeadSummary.LeadSummaryControl/bundle.js","2260","","","","","Usage of the JavaScript eval function should be limited where possible.  The eval function can be a dangerous function as it allows strings to be executed as scripts within the context of the caller.  This can be exploited to run malicious code.  Eval is also usually slower than other options due to the lack of optimizations of the script text passed to eval. If this error is reported for a Power Apps component framework code component created using CLI tooling, package your control with 'msbuild /p:configuration=Release' or 'npm run build -- --buildMode production' to produce a release build that does not include 'eval' usage."
"web-avoid-eval","Security","Critical","https://developer.mozilla.org/docs/Web/JavaScript/Reference/Global_Objects/eval","WebResource","/ftdemo_CustomLeadSummary.LeadSummaryControl/bundle.js","2270","","","","","Usage of the JavaScript eval function should be limited where possible.  The eval function can be a dangerous function as it allows strings to be executed as scripts within the context of the caller.  This can be exploited to run malicious code.  Eval is also usually slower than other options due to the lack of optimizations of the script text passed to eval. If this error is reported for a Power Apps component framework code component created using CLI tooling, package your control with 'msbuild /p:configuration=Release' or 'npm run build -- --buildMode production' to produce a release build that does not include 'eval' usage."
"web-avoid-eval","Security","Critical","https://developer.mozilla.org/docs/Web/JavaScript/Reference/Global_Objects/eval","WebResource","/ftdemo_CustomLeadSummary.LeadSummaryControl/bundle.js","2280","","","","","Usage of the JavaScript eval function should be limited where possible.  The eval function can be a dangerous function as it allows strings to be executed as scripts within the context of the caller.  This can be exploited to run malicious code.  Eval is also usually slower than other options due to the lack of optimizations of the script text passed to eval. If this error is reported for a Power Apps component framework code component created using CLI tooling, package your control with 'msbuild /p:configuration=Release' or 'npm run build -- --buildMode production' to produce a release build that does not include 'eval' usage."
"web-avoid-eval","Security","Critical","https://developer.mozilla.org/docs/Web/JavaScript/Reference/Global_Objects/eval","WebResource","/ftdemo_CustomLeadSummary.LeadSummaryControl/bundle.js","2290","","","","","Usage of the JavaScript eval function should be limited where possible.  The eval function can be a dangerous function as it allows strings to be executed as scripts within the context of the caller.  This can be exploited to run malicious code.  Eval is also usually slower than other options due to the lack of optimizations of the script text passed to eval. If this error is reported for a Power Apps component framework code component created using CLI tooling, package your control with 'msbuild /p:configuration=Release' or 'npm run build -- --buildMode production' to produce a release build that does not include 'eval' usage."
"web-avoid-eval","Security","Critical","https://developer.mozilla.org/docs/Web/JavaScript/Reference/Global_Objects/eval","WebResource","/ftdemo_CustomLeadSummary.LeadSummaryControl/bundle.js","2300","","","","","Usage of the JavaScript eval function should be limited where possible.  The eval function can be a dangerous function as it allows strings to be executed as scripts within the context of the caller.  This can be exploited to run malicious code.  Eval is also usually slower than other options due to the lack of optimizations of the script text passed to eval. If this error is reported for a Power Apps component framework code component created using CLI tooling, package your control with 'msbuild /p:configuration=Release' or 'npm run build -- --buildMode production' to produce a release build that does not include 'eval' usage."
"web-avoid-eval","Security","Critical","https://developer.mozilla.org/docs/Web/JavaScript/Reference/Global_Objects/eval","WebResource","/ftdemo_CustomLeadSummary.LeadSummaryControl/bundle.js","2310","","","","","Usage of the JavaScript eval function should be limited where possible.  The eval function can be a dangerous function as it allows strings to be executed as scripts within the context of the caller.  This can be exploited to run malicious code.  Eval is also usually slower than other options due to the lack of optimizations of the script text passed to eval. If this error is reported for a Power Apps component framework code component created using CLI tooling, package your control with 'msbuild /p:configuration=Release' or 'npm run build -- --buildMode production' to produce a release build that does not include 'eval' usage."
"web-avoid-eval","Security","Critical","https://developer.mozilla.org/docs/Web/JavaScript/Reference/Global_Objects/eval","WebResource","/ftdemo_CustomLeadSummary.LeadSummaryControl/bundle.js","2320","","","","","Usage of the JavaScript eval function should be limited where possible.  The eval function can be a dangerous function as it allows strings to be executed as scripts within the context of the caller.  This can be exploited to run malicious code.  Eval is also usually slower than other options due to the lack of optimizations of the script text passed to eval. If this error is reported for a Power Apps component framework code component created using CLI tooling, package your control with 'msbuild /p:configuration=Release' or 'npm run build -- --buildMode production' to produce a release build that does not include 'eval' usage."
"web-avoid-eval","Security","Critical","https://developer.mozilla.org/docs/Web/JavaScript/Reference/Global_Objects/eval","WebResource","/ftdemo_CustomLeadSummary.LeadSummaryControl/bundle.js","2330","","","","","Usage of the JavaScript eval function should be limited where possible.  The eval function can be a dangerous function as it allows strings to be executed as scripts within the context of the caller.  This can be exploited to run malicious code.  Eval is also usually slower than other options due to the lack of optimizations of the script text passed to eval. If this error is reported for a Power Apps component framework code component created using CLI tooling, package your control with 'msbuild /p:configuration=Release' or 'npm run build -- --buildMode production' to produce a release build that does not include 'eval' usage."
"web-avoid-eval","Security","Critical","https://developer.mozilla.org/docs/Web/JavaScript/Reference/Global_Objects/eval","WebResource","/ftdemo_CustomLeadSummary.LeadSummaryControl/bundle.js","2340","","","","","Usage of the JavaScript eval function should be limited where possible.  The eval function can be a dangerous function as it allows strings to be executed as scripts within the context of the caller.  This can be exploited to run malicious code.  Eval is also usually slower than other options due to the lack of optimizations of the script text passed to eval. If this error is reported for a Power Apps component framework code component created using CLI tooling, package your control with 'msbuild /p:configuration=Release' or 'npm run build -- --buildMode production' to produce a release build that does not include 'eval' usage."
"web-avoid-eval","Security","Critical","https://developer.mozilla.org/docs/Web/JavaScript/Reference/Global_Objects/eval","WebResource","/ftdemo_CustomLeadSummary.LeadSummaryControl/bundle.js","2350","","","","","Usage of the JavaScript eval function should be limited where possible.  The eval function can be a dangerous function as it allows strings to be executed as scripts within the context of the caller.  This can be exploited to run malicious code.  Eval is also usually slower than other options due to the lack of optimizations of the script text passed to eval. If this error is reported for a Power Apps component framework code component created using CLI tooling, package your control with 'msbuild /p:configuration=Release' or 'npm run build -- --buildMode production' to produce a release build that does not include 'eval' usage."
"web-avoid-eval","Security","Critical","https://developer.mozilla.org/docs/Web/JavaScript/Reference/Global_Objects/eval","WebResource","/ftdemo_CustomLeadSummary.LeadSummaryControl/bundle.js","2360","","","","","Usage of the JavaScript eval function should be limited where possible.  The eval function can be a dangerous function as it allows strings to be executed as scripts within the context of the caller.  This can be exploited to run malicious code.  Eval is also usually slower than other options due to the lack of optimizations of the script text passed to eval. If this error is reported for a Power Apps component framework code component created using CLI tooling, package your control with 'msbuild /p:configuration=Release' or 'npm run build -- --buildMode production' to produce a release build that does not include 'eval' usage."
"web-avoid-eval","Security","Critical","https://developer.mozilla.org/docs/Web/JavaScript/Reference/Global_Objects/eval","WebResource","/ftdemo_CustomLeadSummary.LeadSummaryControl/bundle.js","2370","","","","","Usage of the JavaScript eval function should be limited where possible.  The eval function can be a dangerous function as it allows strings to be executed as scripts within the context of the caller.  This can be exploited to run malicious code.  Eval is also usually slower than other options due to the lack of optimizations of the script text passed to eval. If this error is reported for a Power Apps component framework code component created using CLI tooling, package your control with 'msbuild /p:configuration=Release' or 'npm run build -- --buildMode production' to produce a release build that does not include 'eval' usage."
"web-avoid-eval","Security","Critical","https://developer.mozilla.org/docs/Web/JavaScript/Reference/Global_Objects/eval","WebResource","/ftdemo_CustomLeadSummary.LeadSummaryControl/bundle.js","2380","","","","","Usage of the JavaScript eval function should be limited where possible.  The eval function can be a dangerous function as it allows strings to be executed as scripts within the context of the caller.  This can be exploited to run malicious code.  Eval is also usually slower than other options due to the lack of optimizations of the script text passed to eval. If this error is reported for a Power Apps component framework code component created using CLI tooling, package your control with 'msbuild /p:configuration=Release' or 'npm run build -- --buildMode production' to produce a release build that does not include 'eval' usage."